videoId,view,date
sm4KMKurd8E,255541,2022-3-9
e_EqIA6ZWqs,600823,2022-3-9
24NBZW9P7_c,40153,2022-3-9
8SRe-pPLaG0,85739,2022-3-9
PerzMoTou-k,373010,2022-3-9
VeWlafLgrMs,94129,2022-3-9
48DgT4-JYZA,72989,2022-3-9
_8eUrkYNnLY,1547993,2022-3-9
_cUTVL2Nj6o,427464,2022-3-9
Tvx2UWi59pQ,64647,2022-3-9
v6u80eYSLvc,308220,2022-3-9
Klsca1OcwH8,347050,2022-3-9
SdgFVX0FsgE,283107,2022-3-9
VAvd842cCYM,653120,2022-3-9
O4Oz8Gn6oDY,120984,2022-3-9
Mb2oMO-SK7w,263342,2022-3-9
lxJ7SXMEPto,142405,2022-3-9
f8F8yNVDUEo,35254,2022-3-9
qokrSyGZTiM,70088,2022-3-9
7o_YL35T93w,1176137,2022-3-9
mKORVdoWU2E,409027,2022-3-9
RJwpJIe5FmY,1195997,2022-3-9
9pgap38Os_k,548686,2022-3-9
nZ-g1pPNfts,283813,2022-3-9
0yeg4XkzrMI,304253,2022-3-9
X1T9M4F8sKk,598282,2022-3-9
ZkvtKUQp3nM,645220,2022-3-9
JHiWqdrWOSQ,52993,2022-3-9
aQ6Hir0wlVg,145494,2022-3-9
UnM2_ddXNYk,107214,2022-3-9
Gni3co__EPI,170000,2022-3-9
_JoXN6LdcDY,103458,2022-3-9
ad-6W3bazMs,242646,2022-3-9
6rW_9ldrISM,129192,2022-3-9
jKJ5a7gVkH8,72258,2022-3-9
WLj0Rg_bcvQ,585896,2022-3-9
kMPx3AHvwtA,464216,2022-3-9
-aB6MQU8l1s,7520757,2022-3-9
R4PEMkDb418,151288,2022-3-9
uqQLrla5pDI,38692,2022-3-9
5Pmt9gVmvmM,72443,2022-3-9
JJsSEUk8vxc,137791,2022-3-9
JZTVchX8qJs,447616,2022-3-9
yU5_w__2FBo,130432,2022-3-9
Y8o4goeVM0o,1127791,2022-3-9
tum7dljV2ts,693162,2022-3-9
IN0KT2ABM10,112920,2022-3-9
z2pWWKSPofA,771227,2022-3-9
aREEGF5dXCE,17561,2022-3-9
SKy71bCcOyg,109504,2022-3-9
5QJfWQrdQEY,123122,2022-3-9
5X8WDBEc_PE,1680769,2022-3-9
3NgN2CvLgT4,50926,2022-3-9
4UEQFnENMUw,204807,2022-3-9
hwkAWFw8njM,63011,2022-3-9
Mmlj3WUBHbc,551537,2022-3-9
PiVmPN1FlVc,132928,2022-3-9
a8p0l7_h9Ys,72475,2022-3-9
jFqLvrO3PvM,58721,2022-3-9
NpXw5EJgc3Q,56197,2022-3-9
x9mxvQC52NM,53738,2022-3-9
ctkmeD0BfNs,46365,2022-3-9
ENcxaslU0ws,45517,2022-3-9
SBGrvHpWu3Q,40027,2022-3-9
Rbyv6bw5QU8,37123,2022-3-9
TU9LzGFUugg,36043,2022-3-9
rR8Gv4S6n9c,34121,2022-3-9
XdXIrYzs9vk,29282,2022-3-9
P0GRz9bjPoE,28920,2022-3-9
0h94NX0l99g,23202,2022-3-9
bHkf0lAsqjE,23085,2022-3-9
UXuMSLOUhgs,145327,2022-3-9
Wo0LOk4R5Oc,64971,2022-3-9
lGXgYHlR8ww,962339,2022-3-9
-VQx0MtsvSQ,747852,2022-3-9
dWOdLydhO-E,199157,2022-3-9
qge-EvTOzsk,288042,2022-3-9
mSVb61pOQKA,59713,2022-3-9
_txtx7llu50,85567,2022-3-9
VriDV2NqXpg,97442,2022-3-9
Z8TnOhIxN90,3912844,2022-3-9
56OgSRwV-xw,56610,2022-3-9
jW4q0w6CCIo,168214,2022-3-9
TT6gTs2B1Uw,4852985,2022-3-9
Yr0MRX2JP4U,134224,2022-3-9
2l_6oIGTrbg,10677949,2022-3-9
bMSPwitZiJs,126661,2022-3-9
f8XFa7eWLoA,95026,2022-3-9
NJSH0McCpwI,1093944,2022-3-9
MIlI_NeWuyo,141636,2022-3-9
K7FqZJS-ZwA,4361717,2022-3-9
ZezL7jHGKCA,78278,2022-3-9
HBV2WaULwEw,60490,2022-3-9
n9DqvVNBdVI,852962,2022-3-9
ZshLem1OV7k,154789,2022-3-9
bjLzXSM4yRY,97302,2022-3-9
xpUQ-5dSJTk,1115867,2022-3-9
z4Md4zHQWJ8,415491,2022-3-9
hTBJMFkchqk,786712,2022-3-9
RrsGNMMghKM,2613270,2022-3-9
O8v5S1nhKzo,15183971,2022-3-9
V8aGtJURz88,1383141,2022-3-9
0Dr_qvnXJPE,4018418,2022-3-9
d71E3pHzibw,805836,2022-3-9
O-SXhtYjprc,3186189,2022-3-9
C4IATezjOoI,440920,2022-3-9
y39DMzOqsRw,159260,2022-3-9
vW_lJwhw24c,127050,2022-3-9
MkSkQBIhGus,121312,2022-3-9
ENSxJQ1o2ZA,279999,2022-3-9
OGYu6Kj3bL0,2842379,2022-3-9
hRGU2UEh3Qo,1770135,2022-3-9
dXUJ0IDdX28,3655536,2022-3-9
yIvcKk4vZ7Y,851487,2022-3-9
G54GXyYwGz0,43657,2022-3-9
h7NE6BoTCIA,2389467,2022-3-9
re2rwAWZGjg,73013,2022-3-9
EAQASQOWCX8,70182,2022-3-9
OtpqIXEkMQA,3991955,2022-3-9
D_CJMc8flY8,97210,2022-3-9
M0-MFPxMrqE,85478,2022-3-9
dPTeBvVJ_xY,6043429,2022-3-9
BMBK0qEtPTw,150888,2022-3-9
vmPpfJWxisU,404773,2022-3-9
0fTmEfBvp50,2878442,2022-3-9
MNcnT8wBcdw,3939930,2022-3-9
ofdfaM11NIw,230672,2022-3-9
21AyxKg3-2M,172855,2022-3-9
oGMzDHvrsq0,80146,2022-3-9
j84IEsVYGyE,5864213,2022-3-9
G9SWOk2J6aw,1068986,2022-3-9
8fqjcg2uRYs,638371,2022-3-9
FZ_Ncg2Ho6M,123089,2022-3-9
_PpTrPbRg0U,439567,2022-3-9
kUxl0rkmD08,1912006,2022-3-9
rz_MrXeJ4bc,877711,2022-3-9
IZWuK1ljlS0,1938423,2022-3-9
V6RROopwuOg,3967296,2022-3-9
68KV7JnrvDo,6235877,2022-3-9
m1mbRCgWO90,1293000,2022-3-9
HJ6zQ3oQMCQ,113229,2022-3-9
FzwYKoKN_KE,6597263,2022-3-9
qrZtEACCwIU,3808369,2022-3-9
QLCcomFf8Yc,1029389,2022-3-9
7W2oVgMpmzs,79960,2022-3-9
pFgUluV_00s,9862870,2022-3-9
qcQ9k7A5TDM,358454,2022-3-9
9ct9lb2zgZ4,91725,2022-3-9
gRr4fDVpw2c,429231,2022-3-9
8zbO3ftH3ls,88165,2022-3-9
TiY6dP4djQA,92105,2022-3-9
b3jcNR2_PF4,1289829,2022-3-9
9nD7aQ_cKAM,1076535,2022-3-9
ltUNmsplViI,362516,2022-3-9
LlwxRcUFNV8,287460,2022-3-9
8c7ZHCnQKDQ,172762,2022-3-9
vC-MsZVgx80,278342,2022-3-9
0scxODT68X4,10544469,2022-3-9
G49bAinM6Lc,7271187,2022-3-9
tiTnyZ5QLao,139075,2022-3-9
bE2oZdUH_ps,653294,2022-3-9
i6woCvMq5Xg,1460275,2022-3-9
gUTehR_sCG0,115429,2022-3-9
9BTqE6r4-N8,77448,2022-3-9
YWUyB1PupIc,69733,2022-3-9
irPvyFjTZyA,60292,2022-3-9
uhdsIrVpCHg,52139,2022-3-9
dCkYVk-adow,50118,2022-3-9
OC-VqdP1Kow,237758,2022-3-9
KhrPiFZ4Sm8,708140,2022-3-9
JuM6WQhdl8A,357901,2022-3-9
P2yeYNI1H2M,98613,2022-3-9
X9zw0QF12Kc,2377076,2022-3-9
NO66dNMwmbU,2697911,2022-3-9
ix3WUx25xII,538172,2022-3-9
zcc_O2UtZBI,122449,2022-3-9
MiuFIzr8bR0,6099737,2022-3-9
G9VbKTpaff0,324740,2022-3-9
2D0B3wTjE20,2331313,2022-3-9
AAr2lHZLNyU,15629219,2022-3-9
9kQ2GtvDV3s,34810282,2022-3-9
kP08-jP1-7Y,5197674,2022-3-9
yT2h4nrfMME,94841,2022-3-9
tGXZNHNhI0I,6406621,2022-3-9
1KyLE_Ejf-U,1905596,2022-3-9
MRfcZ4teUeE,58413,2022-3-9
2I3oQIF6UaU,1262470,2022-3-9
7Rh61nlWVyo,51049,2022-3-9
TnQgSAaGhVc,105920,2022-3-9
TSZ9RlU6EXk,242503,2022-3-9
4-wpqxD7Az8,380796,2022-3-9
ETckHHfH7EI,104552,2022-3-9
Z-q5aJm0UJE,2173574,2022-3-9
jaf_SBcDhFU,652244,2022-3-9
aqRIPFT-EUw,55817,2022-3-9
B5MvnVOfaBc,93492,2022-3-9
uc7I72C1giU,313634,2022-3-9
-wNSFmqhQsU,16299379,2022-3-9
Wmd1lt4uO_I,349753,2022-3-9
fad_0eQIlVo,228512,2022-3-9
aOMWaZb0VRo,271322,2022-3-9
-BI2YFYWnjc,1052578,2022-3-9
W0_iSvXdM6c,164754,2022-3-9
NEOhVJrhPro,545906,2022-3-9
phGUYXm1e_I,217278,2022-3-9
R_gGlLTA3VM,3321814,2022-3-9
n8Z7mUOGEAE,855794,2022-3-9
wzygAKsIqk0,175573,2022-3-9
llv_1-WEQGg,714822,2022-3-9
t-Y-UnC2HQo,3877780,2022-3-9
MZm_Xy2zJq8,415113,2022-3-9
ZQ3gmQzpvBM,1458336,2022-3-9
HkMXq08WlJo,983326,2022-3-9
Ii7rtNaGlls,1132680,2022-3-9
uf9YfzyLG2Q,1048311,2022-3-9
N_1xVr7wp6Q,103388,2022-3-9
Ur0K2WA67jw,7355995,2022-3-9
c25iBKPN6w4,737271,2022-3-9
Ro-7kxRHCdg,91918,2022-3-9
saizawXi4i0,797911,2022-3-9
Q4-h-IdOqLs,128153,2022-3-9
a9EZ2KFTbYM,1525130,2022-3-9
3UV8OZj2olg,8494617,2022-3-9
4X-eZH87BTw,5365327,2022-3-9
e7VK3pne8N4,13704846,2022-3-9
5yDNEmcKQFY,2024965,2022-3-9
7h7NuUAd7yg,75929,2022-3-9
UXUn_ZqeM4Q,2258315,2022-3-9
gekKWg0yoOE,850440,2022-3-9
JSOXoNVTy0g,512028,2022-3-9
IixAr5W3TIc,1919671,2022-3-9
d0oDMXWMs8o,1217449,2022-3-9
axZ9LYMvrPo,2316717,2022-3-9
k12oVF-o528,350885,2022-3-9
4muYzftomAE,10390371,2022-3-9
WKmzvtEv9Wc,159919,2022-3-9
UBSx4qqeikY,7972329,2022-3-9
oWm6PV3CqCA,233808,2022-3-9
TyILqS4nF3M,791009,2022-3-9
ITPpK7GXoEc,338775,2022-3-9
daAc1qj5DDY,140623,2022-3-9
HbfVsscUMaU,438773,2022-3-9
5y3xh8gs24c,29602708,2022-3-9
vz7JIBvAFqM,3017156,2022-3-9
6ydgEipkUEU,13202359,2022-3-9
-wV0AH0u8ik,907381,2022-3-9
h-LOlueKCtk,10486623,2022-3-9
gAzvqsE81xA,395299,2022-3-9
ivaf58kTVxc,417453,2022-3-9
fY1CQ5kSRxY,2380795,2022-3-9
YcfZziSg0cg,628973,2022-3-9
BmHBJg7_4jE,421902,2022-3-9
oyeunIMPYKo,569217,2022-3-9
akFLlRmmIpw,194060,2022-3-9
0OtNQEpSeIA,5721975,2022-3-9
6262sH3SrIU,104487,2022-3-9
PNA-sTiC0Ds,1956298,2022-3-9
qgeuRSawFaw,831438,2022-3-9
LaOo9OxKxPc,83962,2022-3-9
Xn2hOjDOZ0g,181840,2022-3-9
JonQ09L2N0U,438990,2022-3-9
7U5-eDzWLBY,405106,2022-3-9
MSX8QbJR0eQ,137345,2022-3-9
lh5UqNxEbhs,239303,2022-3-9
vpViBoIVrk0,311855,2022-3-9
IpO7fxGw5V8,77168,2022-3-9
Pw6X2mocMRQ,446924,2022-3-9
A3173J48AbA,310127,2022-3-9
r4yV5Qujcag,309886,2022-3-9
IRl9SreAhG4,141959,2022-3-9
JC_FYkbUbAE,103298,2022-3-9
G5Y4lDRHDrc,91082,2022-3-9
Bqj5DsHNJpE,75113,2022-3-9
Mxysqo6Tbks,64627,2022-3-9
DoecM99tPxw,58090,2022-3-9
Bhl2ZJ58LFY,30331,2022-3-9
CZGFm-O5IOU,2512994,2022-3-9
YiQq1dHlKCo,63547,2022-3-9
vhmFj1owmuk,5449741,2022-3-9
t1yXDcuwzpY,1225426,2022-3-9
Rpl2x8c5ZoU,373852,2022-3-9
CrbMV64PmPU,266489,2022-3-9
ue7mFSgBAH0,205312,2022-3-9
VYu3PvRPZR8,4110780,2022-3-9
yk51RdzaMUE,1903926,2022-3-9
6qESBvBUqus,344930,2022-3-9
4t1QBusdAwk,83811,2022-3-9
2o_H09MdT94,3019384,2022-3-9
PYzTq7YEPBI,4934466,2022-3-9
GQKR0APNFKs,560355,2022-3-9
AW7HXLmSdQA,1446986,2022-3-9
OXAkx5_A9rE,6862390,2022-3-9
wHMZW_VkBjo,96672,2022-3-9
uRB1G0cKpIk,8200539,2022-3-9
AJCDeNxNmNo,488877,2022-3-9
NvOHijJqups,1340108,2022-3-9
GhToJ0u8FlI,449820,2022-3-9
eDfMDkgheQY,3391870,2022-3-9
6bnaBnd4kyU,5568045,2022-3-9
6Ks5SWfk-eI,87111,2022-3-9
3y5-Fl2ExIA,206683,2022-3-9
mB2hfFe3geg,445487,2022-3-9
onhGlvuvl0U,592135,2022-3-9
L7MvA9i7byQ,708489,2022-3-9
SoSuMVviNaU,2319193,2022-3-9
IGmnlol_7Xk,303198,2022-3-9
IT186xDTwUU,1219061,2022-3-9
oikyA7Mwm-Y,317447,2022-3-9
3qkXc6zheig,1472670,2022-3-9
64kI2BWRd2g,4827786,2022-3-9
EBj7JZiyR-s,1458092,2022-3-9
zWKBKKwyVrk,393202,2022-3-9
HiLnCY9qjSo,284311,2022-3-9
9PYi1080Q7k,7042372,2022-3-9
m-demdSHuYI,1047258,2022-3-9
LQ_eazT56FA,3065576,2022-3-9
-omKAd_sbFo,1104208,2022-3-9
DGun2cWbPEM,2769758,2022-3-9
K84w0Iai40k,855220,2022-3-9
uw9SUSvWBN0,422968,2022-3-9
pXD4BbYludc,3107604,2022-3-9
8HylJNyMuzU,3247462,2022-3-9
j2z06YUbulk,124551,2022-3-9
x1BGG98tcrg,684499,2022-3-9
mZ0sJQC8qkE,17352831,2022-3-9
A9HY4DsRTCg,7099719,2022-3-9
f4dJFe4MGcs,1559987,2022-3-9
syhlmTNW_a8,701538,2022-3-9
po66qVLYg2c,375531,2022-3-9
_KTwDH_KQ_g,2634995,2022-3-9
f5zAFvFKPEI,118543,2022-3-9
0YX80lIi36w,515476,2022-3-9
49hhGHTKHLs,759023,2022-3-9
o14s6S0k5qw,995234,2022-3-9
JYtt0inzDR4,2341515,2022-3-9
VbLsb2t1qzI,545320,2022-3-9
NtRpDpfE69Y,1142935,2022-3-9
ESM-OniA96w,1754192,2022-3-9
dlqAF0aq7XU,90410,2022-3-9
N0vBDacTJ9k,729271,2022-3-9
LpkWFnRPd-M,5041504,2022-3-9
LfI8sxSFtuE,3996182,2022-3-9
NdHPnTd2Jd8,878442,2022-3-9
kKqcQADSoIM,964792,2022-3-9
r3jigPQEz70,390199,2022-3-9
_M-6lkoi6L4,10045505,2022-3-9
bUNMyoks3BQ,133260,2022-3-9
9RBY7u5qas8,3050621,2022-3-9
3Zr8H4B3MYM,184438,2022-3-9
6rPdZ7EW98I,371781,2022-3-9
OR1Epbc_NNE,2222891,2022-3-9
KpSLiHAYe7k,1791562,2022-3-9
KiUvL-rp1zg,1287831,2022-3-9
GegRa9yZUb4,354239,2022-3-9
q6pJ3mlYYEY,250318,2022-3-9
x-g0SeUJxsI,42452,2022-3-9
q4N7EhUWOAA,3117265,2022-3-9
h6pIQx8CKOM,70728,2022-3-9
rHbTBYxK0O0,74588,2022-3-9
UpoysjZfWrU,7019833,2022-3-9
j6P_m6adkgc,6581092,2022-3-9
_kT4a8IzM70,1424044,2022-3-9
Lhu7zb1hers,832943,2022-3-9
u_mKbmoK2dM,106632,2022-3-9
68iRzgy6c00,1376983,2022-3-9
3y8oIuEkqQs,1293721,2022-3-9
VNU2BDdgPZ8,529074,2022-3-9
G-QUjj0GGlo,81261,2022-3-9
5fifnky9v_I,2626461,2022-3-9
zpv1HPrSS5U,1723914,2022-3-9
eN--w_NA6hs,290086,2022-3-9
lFUXNby9svA,272618,2022-3-9
Ud73fm4Uoq0,3948552,2022-3-9
QA8KoMko9u8,130462,2022-3-9
S6kXAzNbG-4,92439,2022-3-9
0D-tcQjYf28,1249469,2022-3-9
2ys9IS5r9yA,5063758,2022-3-9
G4PT1phuM9M,413105,2022-3-9
-AuQZrUHjhg,11360226,2022-3-9
Wp90CrP-s_8,1675036,2022-3-9
lA6YSTkywto,366884,2022-3-9
Jr3Z9qtBk7k,4733162,2022-3-9
nks1I1sY53I,2455175,2022-3-9
avbKac24efo,651759,2022-3-9
S-VngJTUdmE,1942255,2022-3-9
gFVC0p4lknw,2176812,2022-3-9
jso4f52Pl6Y,3716687,2022-3-9
98Yx9TuE09A,435697,2022-3-9
USrIMGRBA78,1630998,2022-3-9
vFunN0xiZAQ,631239,2022-3-9
hV0dxmUf59U,99750,2022-3-9
PDj3XaZJeWY,124728,2022-3-9
TkcCqYk_V1s,752144,2022-3-9
d2Pz5Y-bwdU,53940,2022-3-9
Um7SFkR-fEg,1708021,2022-3-9
uTO0KnDsVH0,5045823,2022-3-9
4N_HwrzWCac,6960338,2022-3-9
glbYC6rBn3g,564275,2022-3-9
C5IIoZsci8Y,2817598,2022-3-9
mLwtfg57kbs,8685523,2022-3-9
Snn2gWq-3KY,1215989,2022-3-9
5HWCMh1ZmzE,1074089,2022-3-9
QM20uZAv6kc,336436,2022-3-9
VCJTJX1kXe4,2349566,2022-3-9
Md0TBfwo9rM,2634181,2022-3-9
Em1og_6ovoo,169239,2022-3-9
3RxlzJWWzdY,8066744,2022-3-9
z1W4c7ym49Y,14927167,2022-3-9
sJZoMJfIpmA,347585,2022-3-9
W5IVzLi-Rug,791191,2022-3-9
Ru7OFsuHa8s,675769,2022-3-9
dYvQcVG_dVg,810589,2022-3-9
yfEUPlRuPac,634148,2022-3-9
8nI1CDsNZI0,10500045,2022-3-9
9mj2QJE-UOI,891976,2022-3-9
oLOSu6ocgUU,2221174,2022-3-9
YVdA-QCcXYc,717396,2022-3-9
iYjjKmBok9o,323882,2022-3-9
6K-LSyE1Ywg,2743809,2022-3-9
eJjz3owWnbU,444008,2022-3-9
nNwc1af21N0,56238,2022-3-9
5yLeO2KtgCI,63060,2022-3-9
rbPa0Qp3zJQ,3528850,2022-3-9
fR2texlVKJo,2195049,2022-3-9
EjlMPu5sEgw,14149743,2022-3-9
uBaIR-yvjdk,628302,2022-3-9
WGgEFoI9MhE,13646530,2022-3-9
xfrS_3gRdrg,1447334,2022-3-9
DU0IeW9BCzY,5227665,2022-3-9
k7cpjmkc1Rw,3827274,2022-3-9
yXUPlFjikr0,322271,2022-3-9
khRDaLiyGdA,2217853,2022-3-9
f_djNpDqm3Q,2061610,2022-3-9
sxMUJSK5u4g,1044058,2022-3-9
Lx1PNCat-Q0,841569,2022-3-9
QP-caiSnm2Q,270172,2022-3-9
edp420amW1s,571007,2022-3-9
5L8eoqaZ6WU,1564943,2022-3-9
V_5mwG9M5Eo,909305,2022-3-9
K57XcDsUl6A,1618294,2022-3-9
nK4v-Xjx7mM,785135,2022-3-9
Lq9eqHDKJPE,3486963,2022-3-9
JqwKeddXPOg,3047354,2022-3-9
o_xMgw2j9v8,1173788,2022-3-9
0ziNItsX3iQ,631566,2022-3-9
rDyZ3VgjcCE,1199036,2022-3-9
w0sSTxFSAlQ,375464,2022-3-9
P4uBibShEK0,503243,2022-3-9
gP8iNSq6Kwc,780307,2022-3-9
nTuz_POqV9c,652260,2022-3-9
hiekN5DmNZE,856969,2022-3-9
mEs80XOSSHQ,3756170,2022-3-9
fCf4mFiR--w,791552,2022-3-9
Ebo53CjuQAA,303362,2022-3-9
-ivI-Vb920I,272727,2022-3-9
Hya6rBRCd6Y,235183,2022-3-9
53rJX52p3G8,574435,2022-3-9
dHnFHQSGK3Q,423610,2022-3-9
z9tsfkdgByA,4420270,2022-3-9
bS_qxC5_quM,494196,2022-3-9
9lpIj8vAJC0,151694,2022-3-9
f4B6ydELWQY,1058140,2022-3-9
p4vzp9MCg1w,3933765,2022-3-9
9S0-GoCSk38,3220229,2022-3-9
uzEEffCJOjs,851326,2022-3-9
0LGn4esfu2M,261817,2022-3-9
Z5VxUvL_uBo,4366627,2022-3-9
8ZdLXELdF9Q,2649749,2022-3-9
Dx-_i0RWwNc,281077,2022-3-9
euBur-z_lmk,218331,2022-3-9
ZRCzLtCsIQs,2446399,2022-3-9
u5r8B1fDB8g,1759453,2022-3-9
ydprczRfM48,149197,2022-3-9
r_3n1KNNigI,126152,2022-3-9
eGfyyU9qouA,2373475,2022-3-9
mDN9o6GQdm4,329353,2022-3-9
tuWw5EQPGlc,1353864,2022-3-9
_VIeV_LZXHM,6343868,2022-3-9
o5lZMlrsdXM,1402777,2022-3-9
cYfUaHljuKg,3430967,2022-3-9
lJGLjlVZvQo,1084000,2022-3-9
7wbd6ffvXm8,4335351,2022-3-9
063INZy-ZtM,720805,2022-3-9
K35AflEvvc8,483702,2022-3-9
npVP58NvdQ8,840356,2022-3-9
mO0s9WTI-eU,687040,2022-3-9
ZmM5OgXXVA4,276550,2022-3-9
tftbi551s8Q,877607,2022-3-9
pCle6CqymLY,471208,2022-3-9
TGJ9-1LWFtE,1738540,2022-3-9
gRqv6tQZ3po,463742,2022-3-9
lFQW5S_xH1o,2685531,2022-3-9
pMNnZIz6YYM,2348137,2022-3-9
Mm8Ej2xG_O8,317046,2022-3-9
mcQs0iQE0bs,2170755,2022-3-9
YPm9T622OX0,1455945,2022-3-9
cr9iLdXK9ik,590464,2022-3-9
oFEChsGiQ6A,322018,2022-3-9
HmiEOSUtIfA,474317,2022-3-9
08zYuyX3mRo,387528,2022-3-9
F0hEfm_Bnkg,155654,2022-3-9
BKfHokGY-R8,311318,2022-3-9
PluDFsVo3z0,4134769,2022-3-9
vbhgQ_C_jaM,461262,2022-3-9
alDkHjliogE,728715,2022-3-9
WCTiDGl8Di0,1205318,2022-3-9
8ZVrn4lHLqw,675157,2022-3-9
XN3oe_aAQ40,553174,2022-3-9
qNIhngowViI,17789797,2022-3-9
I16cQyBxsKw,348393,2022-3-9
j7pM4M9tO70,733222,2022-3-9
Lxr3BV-t0Tc,359272,2022-3-9
Lt7KxY8V4jM,321492,2022-3-9
7AdZnOhL1Ak,208309,2022-3-9
mRCfFS0SsCk,1579588,2022-3-9
22KzOHuTiAQ,15505,2022-3-9
VFpOBazE3rs,321959,2022-3-9
ACImtqaabpw,618387,2022-3-9
aWv2KjaFqBA,2206227,2022-3-9
uBS7xpLWSNM,1470879,2022-3-9
Tm28179erkY,628189,2022-3-9
k-q93ccVQqM,581559,2022-3-9
XfzkyqTPafo,1287649,2022-3-9
lUoBNjIWiAc,1446802,2022-3-9
mrc2uXkJles,326435,2022-3-9
5A_RqpENxvg,250257,2022-3-9
B_HAwShg1kY,163226,2022-3-9
tlVNXn1wFwo,120253,2022-3-9
LMYIam2RFkg,1498219,2022-3-9
wVfp1NPf928,865977,2022-3-9
aozNBX2dF6c,2358647,2022-3-9
d1SPCBrEYSA,634136,2022-3-9
ZGYT1x4bNUo,518115,2022-3-9
BXB26PzV31k,8219934,2022-3-9
4F9jLdTTuT0,314929,2022-3-9
6Wbto57VKWk,2854060,2022-3-9
s0p7jwJKkzs,262652,2022-3-9
8jsvz5Bdv7U,72568,2022-3-9
mhvHZpK-9Ss,1495702,2022-3-9
zK3Lev1A2NY,935649,2022-3-9
-t8Za0T1T8M,796448,2022-3-9
jlELf83gpBw,216653,2022-3-9
S68M2xaqGGE,18426,2022-3-9
T3VxM1ae9uM,260090,2022-3-9
23nEnPOXLEk,1258032,2022-3-9
rzV_EmHIvlo,888206,2022-3-9
4IG4BYARwZI,205215,2022-3-9
hPQFsU7ichI,100555,2022-3-9
BAx2GtYGJxs,398457,2022-3-9
beSTVUWjDPI,96282,2022-3-9
KRqA47qytz0,1064611,2022-3-9
-9wUbw5qevU,541729,2022-3-9
hRlcSh3VoA4,96391,2022-3-9
pOsqlM_6JcI,664935,2022-3-9
8iin3HQpwSY,283314,2022-3-9
jDoQYN7Axls,20827,2022-3-9
kdYAZZ5SOFk,241315,2022-3-9
8FGFwc3n0lY,411835,2022-3-9
cbKfZy5Jpgk,2268430,2022-3-9
OSw_0FmjmEE,760240,2022-3-9
8Jz0hUbu1mw,1498859,2022-3-9
09xVC-xun_c,488351,2022-3-9
2x86wabH-Qs,1375634,2022-3-9
VupT9JCJaOY,4337493,2022-3-9
TIgcVT4SfGw,2769631,2022-3-9
ECkxzFgbJqQ,2214620,2022-3-9
QO_RNBWxx94,287972,2022-3-9
hYUBjfxfzIk,146287,2022-3-9
6N6kY2_W37k,682260,2022-3-9
7P5oggg7aSE,636652,2022-3-9
EpuB_c03dZ0,99093,2022-3-9
kK8ajwVjBEI,628287,2022-3-9
OrecUhOUpbw,299976,2022-3-9
ULtGHb83pTI,407886,2022-3-9
TMJAy5_i1JA,580760,2022-3-9
0DzqJQggP9s,876530,2022-3-9
NuxUU0RO4nY,620575,2022-3-9
qy1v9m1FCCg,327687,2022-3-9
Jo0u34m6HuQ,149575,2022-3-9
yvfKJnuDK7s,131953,2022-3-9
wLmMSJXoQ8A,128048,2022-3-9
cDKmDiAwikE,127596,2022-3-9
cblBnU6UL5Y,102156,2022-3-9
uv6VUiqkDHI,97837,2022-3-9
hFlfVwam9sw,92120,2022-3-9
NUwMo_epcD8,83605,2022-3-9
zPFxKxo1ZgM,61998,2022-3-9
EULWO7E4w8s,61762,2022-3-9
ihREuw5PKs4,60670,2022-3-9
N1vLs-dZNWw,60658,2022-3-9
6ELw8xouuww,51732,2022-3-9
gJ7N2BQUsuY,49826,2022-3-9
6uN99OAINAY,1773855,2022-3-9
MfLWYoBdkUE,219241,2022-3-9
-lI8zx_2M8c,123829,2022-3-9
N029UUlH1Dc,9625690,2022-3-9
mqwRg9ZgANI,558323,2022-3-9
4bikbA1kR7g,184439,2022-3-9
dkCPkLmU7l4,1953970,2022-3-9
vp8HbGYXpNw,338732,2022-3-9
pmFbqPRFz_8,2645382,2022-3-9
LHSLuBt7aB8,2219082,2022-3-9
aWWhjisKKlA,2230951,2022-3-9
nCyKjz-ie3c,2092401,2022-3-9
7jk8e94Cr7U,756415,2022-3-9
yTb_AvLchgY,10319839,2022-3-9
fXeM0fXvOp8,1438914,2022-3-9
TlSzfEM5NcQ,94415,2022-3-9
NIv_yYKl9tQ,1834769,2022-3-9
NKQvH78Jv04,2234179,2022-3-9
dPX0_IEXVRo,1948032,2022-3-9
dzUfNQaaemk,170617,2022-3-9
7TCcgdMfPco,820005,2022-3-9
0StSX7bhWDs,21512,2022-3-9
YO1V9fn7zYo,486991,2022-3-9
7ZAeFUmGx4Y,68485,2022-3-9
UXQDUhSr8nU,1547022,2022-3-9
wtzsiwOTGGA,845786,2022-3-9
X8j49duZjwc,841398,2022-3-9
eBjPG7oxqFU,2402198,2022-3-9
j28SJWoSbOY,365660,2022-3-9
6bp8E4juzhY,24211,2022-3-9
kPyLnwSXqkA,970183,2022-3-9
2pYaIr-4pfA,875701,2022-3-9
RpiPeAKx3Rc,854259,2022-3-9
SNX6Gck9UIE,827075,2022-3-9
R5yfM_UlucY,2739257,2022-3-9
HxpsO2WeCNw,1492976,2022-3-9
Sv3HckLI7kg,236788,2022-3-9
0firv69LkgI,2971010,2022-3-9
9x__xN3TUh8,571805,2022-3-9
R3OxEcOpT0M,1458152,2022-3-9
QaEW5hhLxuk,118713,2022-3-9
Hl1-8j9OJyo,1207018,2022-3-9
_H0wcyOYqBE,117611,2022-3-9
uCfjf3rvTJY,1724710,2022-3-9
IT7mfF97m3w,350314,2022-3-9
y2vrlxmOp7U,332028,2022-3-9
8rNFX-kZvQQ,28890,2022-3-9
Wl9EcS5As2w,1019759,2022-3-9
zREufEpj0zM,639725,2022-3-9
PxiiB40eTWY,387511,2022-3-9
_qmAo83zOUg,273921,2022-3-9
vz4m-D30SAw,1041453,2022-3-9
fsPSaFbonGo,654491,2022-3-9
I9rvEDBfyaY,180420,2022-3-9
7jDkn2TzxJk,1384792,2022-3-9
uFJHdT_ie9U,5381614,2022-3-9
Zc05le75CfI,1916885,2022-3-9
pKJErsN-ylU,1216306,2022-3-9
N_eK0ujrhmY,460063,2022-3-9
-HZ9gAiIoAw,93238,2022-3-9
IGviVpVE1fA,309576,2022-3-9
Py21QCndbxc,1715457,2022-3-9
EkAlXnJPVPA,172795,2022-3-9
4Hg0Nchl3HU,1190937,2022-3-9
ibXRzMUUWPE,616600,2022-3-9
dmzY4R2QLfM,204499,2022-3-9
5EuqR0GavMk,145596,2022-3-9
2ON2ZZHarMw,590141,2022-3-9
MQ-QnXZR4mc,386638,2022-3-9
8vZOV32ICAs,382182,2022-3-9
6OHFULja-4s,83276,2022-3-9
9yBLZKFKXyg,3208622,2022-3-9
AAwJ0_uqhb4,643723,2022-3-9
QpWoW36wJII,362021,2022-3-9
1KUZHKI-BDk,2207974,2022-3-9
s-wDgxGCj4g,1133005,2022-3-9
X_Z8XP22mMo,161379,2022-3-9
aINNB2g6cIA,137324,2022-3-9
o6C7-azdU7I,106872,2022-3-9
pNdwmpntGMk,96918,2022-3-9
aetXqd9B8WE,7848023,2022-3-9
mFLu8TKDsrk,319271,2022-3-9
E6LWLQjgynE,1093214,2022-3-9
6W749jRBg-4,688959,2022-3-9
vjBZzYN3aAs,1078065,2022-3-9
Qls96eA-n6Y,1329577,2022-3-9
4ZRsOI1RCN4,354314,2022-3-9
e-mI0HJr3VA,166574,2022-3-9
aWGed8Cqy7g,119413,2022-3-9
OTEZi88c6dc,73742,2022-3-9
stmZAThUl64,884582,2022-3-9
swX1O_a_vAk,699767,2022-3-9
2UP3DO56dh4,214569,2022-3-9
c1M_MllbaBs,339841,2022-3-9
b5djTDjlTNM,104689,2022-3-9
cWDRKNLFBmc,23463,2022-3-9
4IRmpJmoefA,13303,2022-3-9
_3wLBFyS5qU,338456,2022-3-9
fGnwsd9cM-4,337591,2022-3-9
U-9M-BjFYMc,670383,2022-3-9
4N3smY1pKgo,534691,2022-3-9
MxwV963ZNEU,138612,2022-3-9
IxOjRtMv3Cg,475683,2022-3-9
bhkfm1dX7BM,236120,2022-3-9
na6bysYNuS0,687402,2022-3-9
zDBDb3T728c,285703,2022-3-9
XnbxAaIJHfI,310500,2022-3-9
Lw3sBpkC3Rw,282065,2022-3-9
yOsls1Swb_o,304954,2022-3-9
SqrwHmo_sGg,247505,2022-3-9
TXD4qJHN4ac,180438,2022-3-9
o9r6lFYK9SE,0,2022-3-9
tNBq_N2C64A,0,2022-3-9
pgQ7t90WqQI,0,2022-3-9
CEvh8XRjvY4,0,2022-3-9
ij10Puyh8qc,0,2022-3-9
4IRmpJmoefA,0,2022-3-9
yOsls1Swb_o,0,2022-3-9
03bbzlaPhvQ,0,2022-3-9
sm4KMKurd8E,258952,2022-3-19
e_EqIA6ZWqs,603022,2022-3-19
24NBZW9P7_c,40190,2022-3-19
8SRe-pPLaG0,85859,2022-3-19
PerzMoTou-k,377844,2022-3-19
VeWlafLgrMs,95053,2022-3-19
48DgT4-JYZA,73284,2022-3-19
_8eUrkYNnLY,1572999,2022-3-19
_cUTVL2Nj6o,428469,2022-3-19
Tvx2UWi59pQ,64993,2022-3-19
v6u80eYSLvc,308970,2022-3-19
Klsca1OcwH8,347680,2022-3-19
SdgFVX0FsgE,285414,2022-3-19
VAvd842cCYM,653937,2022-3-19
O4Oz8Gn6oDY,121679,2022-3-19
Mb2oMO-SK7w,263964,2022-3-19
lxJ7SXMEPto,143274,2022-3-19
f8F8yNVDUEo,35506,2022-3-19
qokrSyGZTiM,70461,2022-3-19
7o_YL35T93w,1177994,2022-3-19
mKORVdoWU2E,409932,2022-3-19
RJwpJIe5FmY,1198567,2022-3-19
9pgap38Os_k,556645,2022-3-19
nZ-g1pPNfts,285647,2022-3-19
0yeg4XkzrMI,304791,2022-3-19
X1T9M4F8sKk,603741,2022-3-19
ZkvtKUQp3nM,646462,2022-3-19
JHiWqdrWOSQ,53333,2022-3-19
aQ6Hir0wlVg,145950,2022-3-19
UnM2_ddXNYk,108540,2022-3-19
Gni3co__EPI,170430,2022-3-19
_JoXN6LdcDY,104072,2022-3-19
ad-6W3bazMs,243112,2022-3-19
6rW_9ldrISM,129485,2022-3-19
jKJ5a7gVkH8,72597,2022-3-19
WLj0Rg_bcvQ,597334,2022-3-19
kMPx3AHvwtA,466770,2022-3-19
-aB6MQU8l1s,7587580,2022-3-19
R4PEMkDb418,152164,2022-3-19
uqQLrla5pDI,39025,2022-3-19
5Pmt9gVmvmM,72823,2022-3-19
JJsSEUk8vxc,138647,2022-3-19
JZTVchX8qJs,449597,2022-3-19
yU5_w__2FBo,131485,2022-3-19
Y8o4goeVM0o,1135703,2022-3-19
tum7dljV2ts,695761,2022-3-19
IN0KT2ABM10,113813,2022-3-19
z2pWWKSPofA,773095,2022-3-19
aREEGF5dXCE,17625,2022-3-19
SKy71bCcOyg,110204,2022-3-19
5QJfWQrdQEY,126962,2022-3-19
5X8WDBEc_PE,1689028,2022-3-19
3NgN2CvLgT4,51220,2022-3-19
4UEQFnENMUw,205693,2022-3-19
hwkAWFw8njM,63363,2022-3-19
Mmlj3WUBHbc,552934,2022-3-19
PiVmPN1FlVc,135417,2022-3-19
a8p0l7_h9Ys,73963,2022-3-19
jFqLvrO3PvM,59627,2022-3-19
NpXw5EJgc3Q,56989,2022-3-19
x9mxvQC52NM,54798,2022-3-19
ctkmeD0BfNs,47610,2022-3-19
ENcxaslU0ws,46463,2022-3-19
SBGrvHpWu3Q,40824,2022-3-19
Rbyv6bw5QU8,37788,2022-3-19
TU9LzGFUugg,36751,2022-3-19
rR8Gv4S6n9c,34793,2022-3-19
XdXIrYzs9vk,29801,2022-3-19
P0GRz9bjPoE,29540,2022-3-19
0h94NX0l99g,23661,2022-3-19
bHkf0lAsqjE,23592,2022-3-19
UXuMSLOUhgs,146488,2022-3-19
Wo0LOk4R5Oc,65356,2022-3-19
lGXgYHlR8ww,966450,2022-3-19
-VQx0MtsvSQ,752596,2022-3-19
dWOdLydhO-E,199702,2022-3-19
qge-EvTOzsk,289003,2022-3-19
mSVb61pOQKA,60061,2022-3-19
_txtx7llu50,85928,2022-3-19
VriDV2NqXpg,101162,2022-3-19
Z8TnOhIxN90,3932690,2022-3-19
56OgSRwV-xw,56962,2022-3-19
jW4q0w6CCIo,169400,2022-3-19
TT6gTs2B1Uw,4882252,2022-3-19
Yr0MRX2JP4U,135259,2022-3-19
2l_6oIGTrbg,10776245,2022-3-19
bMSPwitZiJs,127867,2022-3-19
f8XFa7eWLoA,95607,2022-3-19
NJSH0McCpwI,1096609,2022-3-19
MIlI_NeWuyo,143198,2022-3-19
K7FqZJS-ZwA,4384230,2022-3-19
ZezL7jHGKCA,79308,2022-3-19
HBV2WaULwEw,60820,2022-3-19
n9DqvVNBdVI,858117,2022-3-19
ZshLem1OV7k,155463,2022-3-19
bjLzXSM4yRY,97949,2022-3-19
xpUQ-5dSJTk,1122383,2022-3-19
z4Md4zHQWJ8,417945,2022-3-19
hTBJMFkchqk,791846,2022-3-19
RrsGNMMghKM,2619919,2022-3-19
O8v5S1nhKzo,15282622,2022-3-19
V8aGtJURz88,1385533,2022-3-19
0Dr_qvnXJPE,4051693,2022-3-19
d71E3pHzibw,808499,2022-3-19
O-SXhtYjprc,3191586,2022-3-19
C4IATezjOoI,442433,2022-3-19
y39DMzOqsRw,160087,2022-3-19
vW_lJwhw24c,127802,2022-3-19
MkSkQBIhGus,122129,2022-3-19
ENSxJQ1o2ZA,281089,2022-3-19
OGYu6Kj3bL0,2853224,2022-3-19
hRGU2UEh3Qo,1786088,2022-3-19
dXUJ0IDdX28,3674029,2022-3-19
yIvcKk4vZ7Y,855517,2022-3-19
G54GXyYwGz0,44000,2022-3-19
h7NE6BoTCIA,2403377,2022-3-19
re2rwAWZGjg,73886,2022-3-19
EAQASQOWCX8,70807,2022-3-19
OtpqIXEkMQA,4005860,2022-3-19
D_CJMc8flY8,97704,2022-3-19
M0-MFPxMrqE,86064,2022-3-19
dPTeBvVJ_xY,6075147,2022-3-19
BMBK0qEtPTw,151242,2022-3-19
vmPpfJWxisU,406239,2022-3-19
0fTmEfBvp50,2900539,2022-3-19
MNcnT8wBcdw,3964427,2022-3-19
ofdfaM11NIw,231649,2022-3-19
21AyxKg3-2M,174666,2022-3-19
oGMzDHvrsq0,80749,2022-3-19
j84IEsVYGyE,5889304,2022-3-19
G9SWOk2J6aw,1093327,2022-3-19
8fqjcg2uRYs,639774,2022-3-19
FZ_Ncg2Ho6M,123935,2022-3-19
_PpTrPbRg0U,443277,2022-3-19
kUxl0rkmD08,1915965,2022-3-19
rz_MrXeJ4bc,880158,2022-3-19
IZWuK1ljlS0,1956682,2022-3-19
V6RROopwuOg,3994125,2022-3-19
68KV7JnrvDo,6284187,2022-3-19
m1mbRCgWO90,1295282,2022-3-19
HJ6zQ3oQMCQ,113775,2022-3-19
FzwYKoKN_KE,6641345,2022-3-19
qrZtEACCwIU,3841217,2022-3-19
QLCcomFf8Yc,1031530,2022-3-19
7W2oVgMpmzs,80355,2022-3-19
pFgUluV_00s,9978415,2022-3-19
qcQ9k7A5TDM,362586,2022-3-19
9ct9lb2zgZ4,92141,2022-3-19
gRr4fDVpw2c,432068,2022-3-19
8zbO3ftH3ls,88632,2022-3-19
TiY6dP4djQA,92552,2022-3-19
b3jcNR2_PF4,1294793,2022-3-19
9nD7aQ_cKAM,1080994,2022-3-19
ltUNmsplViI,363446,2022-3-19
LlwxRcUFNV8,288471,2022-3-19
8c7ZHCnQKDQ,173461,2022-3-19
vC-MsZVgx80,280527,2022-3-19
0scxODT68X4,10641585,2022-3-19
G49bAinM6Lc,7310315,2022-3-19
tiTnyZ5QLao,139890,2022-3-19
bE2oZdUH_ps,658350,2022-3-19
i6woCvMq5Xg,1471154,2022-3-19
gUTehR_sCG0,118928,2022-3-19
9BTqE6r4-N8,78674,2022-3-19
YWUyB1PupIc,71142,2022-3-19
irPvyFjTZyA,61527,2022-3-19
uhdsIrVpCHg,53155,2022-3-19
dCkYVk-adow,50960,2022-3-19
OC-VqdP1Kow,239987,2022-3-19
KhrPiFZ4Sm8,714581,2022-3-19
JuM6WQhdl8A,360461,2022-3-19
P2yeYNI1H2M,99095,2022-3-19
X9zw0QF12Kc,2403965,2022-3-19
NO66dNMwmbU,2715612,2022-3-19
ix3WUx25xII,541307,2022-3-19
zcc_O2UtZBI,122931,2022-3-19
MiuFIzr8bR0,6141608,2022-3-19
G9VbKTpaff0,326373,2022-3-19
2D0B3wTjE20,2348061,2022-3-19
AAr2lHZLNyU,15765367,2022-3-19
9kQ2GtvDV3s,35029138,2022-3-19
kP08-jP1-7Y,5247323,2022-3-19
yT2h4nrfMME,95299,2022-3-19
tGXZNHNhI0I,6438117,2022-3-19
1KyLE_Ejf-U,1914141,2022-3-19
MRfcZ4teUeE,58810,2022-3-19
2I3oQIF6UaU,1265182,2022-3-19
7Rh61nlWVyo,51373,2022-3-19
TnQgSAaGhVc,106464,2022-3-19
TSZ9RlU6EXk,243958,2022-3-19
4-wpqxD7Az8,381701,2022-3-19
ETckHHfH7EI,105211,2022-3-19
Z-q5aJm0UJE,2181103,2022-3-19
jaf_SBcDhFU,655107,2022-3-19
aqRIPFT-EUw,56253,2022-3-19
B5MvnVOfaBc,94287,2022-3-19
uc7I72C1giU,315958,2022-3-19
-wNSFmqhQsU,16419299,2022-3-19
Wmd1lt4uO_I,350500,2022-3-19
fad_0eQIlVo,230464,2022-3-19
aOMWaZb0VRo,274194,2022-3-19
-BI2YFYWnjc,1055757,2022-3-19
W0_iSvXdM6c,165700,2022-3-19
NEOhVJrhPro,546386,2022-3-19
phGUYXm1e_I,218242,2022-3-19
R_gGlLTA3VM,3341275,2022-3-19
n8Z7mUOGEAE,862101,2022-3-19
wzygAKsIqk0,177417,2022-3-19
llv_1-WEQGg,719199,2022-3-19
t-Y-UnC2HQo,3901799,2022-3-19
MZm_Xy2zJq8,416441,2022-3-19
ZQ3gmQzpvBM,1474982,2022-3-19
HkMXq08WlJo,990106,2022-3-19
Ii7rtNaGlls,1141194,2022-3-19
uf9YfzyLG2Q,1054589,2022-3-19
N_1xVr7wp6Q,103743,2022-3-19
Ur0K2WA67jw,7407243,2022-3-19
c25iBKPN6w4,739792,2022-3-19
Ro-7kxRHCdg,92618,2022-3-19
saizawXi4i0,799481,2022-3-19
Q4-h-IdOqLs,128687,2022-3-19
a9EZ2KFTbYM,1532967,2022-3-19
3UV8OZj2olg,8612270,2022-3-19
4X-eZH87BTw,5383724,2022-3-19
e7VK3pne8N4,13810073,2022-3-19
5yDNEmcKQFY,2036702,2022-3-19
7h7NuUAd7yg,77079,2022-3-19
UXUn_ZqeM4Q,2274596,2022-3-19
gekKWg0yoOE,851336,2022-3-19
JSOXoNVTy0g,515091,2022-3-19
IixAr5W3TIc,1930821,2022-3-19
d0oDMXWMs8o,1219466,2022-3-19
axZ9LYMvrPo,2340689,2022-3-19
k12oVF-o528,352823,2022-3-19
4muYzftomAE,10520502,2022-3-19
WKmzvtEv9Wc,160692,2022-3-19
UBSx4qqeikY,8093889,2022-3-19
oWm6PV3CqCA,234721,2022-3-19
TyILqS4nF3M,798052,2022-3-19
ITPpK7GXoEc,341387,2022-3-19
daAc1qj5DDY,141631,2022-3-19
HbfVsscUMaU,440753,2022-3-19
5y3xh8gs24c,29888914,2022-3-19
vz7JIBvAFqM,3027189,2022-3-19
6ydgEipkUEU,13321658,2022-3-19
-wV0AH0u8ik,912596,2022-3-19
h-LOlueKCtk,10563025,2022-3-19
gAzvqsE81xA,395952,2022-3-19
ivaf58kTVxc,417621,2022-3-19
fY1CQ5kSRxY,2390366,2022-3-19
YcfZziSg0cg,630105,2022-3-19
BmHBJg7_4jE,423348,2022-3-19
oyeunIMPYKo,569524,2022-3-19
akFLlRmmIpw,195620,2022-3-19
0OtNQEpSeIA,5754237,2022-3-19
6262sH3SrIU,105494,2022-3-19
PNA-sTiC0Ds,1969870,2022-3-19
qgeuRSawFaw,833706,2022-3-19
LaOo9OxKxPc,84614,2022-3-19
Xn2hOjDOZ0g,183108,2022-3-19
JonQ09L2N0U,440503,2022-3-19
7U5-eDzWLBY,405205,2022-3-19
MSX8QbJR0eQ,138752,2022-3-19
lh5UqNxEbhs,240594,2022-3-19
vpViBoIVrk0,314117,2022-3-19
IpO7fxGw5V8,77580,2022-3-19
Pw6X2mocMRQ,448680,2022-3-19
A3173J48AbA,313577,2022-3-19
r4yV5Qujcag,310317,2022-3-19
IRl9SreAhG4,145420,2022-3-19
JC_FYkbUbAE,104350,2022-3-19
G5Y4lDRHDrc,93122,2022-3-19
Bqj5DsHNJpE,76538,2022-3-19
Mxysqo6Tbks,65795,2022-3-19
DoecM99tPxw,59091,2022-3-19
Bhl2ZJ58LFY,30811,2022-3-19
CZGFm-O5IOU,2540483,2022-3-19
YiQq1dHlKCo,64337,2022-3-19
vhmFj1owmuk,5485771,2022-3-19
t1yXDcuwzpY,1230642,2022-3-19
Rpl2x8c5ZoU,375224,2022-3-19
CrbMV64PmPU,267832,2022-3-19
ue7mFSgBAH0,206101,2022-3-19
VYu3PvRPZR8,4135119,2022-3-19
yk51RdzaMUE,1932136,2022-3-19
6qESBvBUqus,347652,2022-3-19
4t1QBusdAwk,84457,2022-3-19
2o_H09MdT94,3048184,2022-3-19
PYzTq7YEPBI,4955528,2022-3-19
GQKR0APNFKs,562492,2022-3-19
AW7HXLmSdQA,1459244,2022-3-19
OXAkx5_A9rE,6889085,2022-3-19
wHMZW_VkBjo,97461,2022-3-19
uRB1G0cKpIk,8260938,2022-3-19
AJCDeNxNmNo,489196,2022-3-19
NvOHijJqups,1342196,2022-3-19
GhToJ0u8FlI,450073,2022-3-19
eDfMDkgheQY,3406924,2022-3-19
6bnaBnd4kyU,5728116,2022-3-19
6Ks5SWfk-eI,87882,2022-3-19
3y5-Fl2ExIA,208245,2022-3-19
mB2hfFe3geg,446078,2022-3-19
onhGlvuvl0U,593869,2022-3-19
L7MvA9i7byQ,711146,2022-3-19
SoSuMVviNaU,2346566,2022-3-19
IGmnlol_7Xk,303630,2022-3-19
IT186xDTwUU,1224036,2022-3-19
oikyA7Mwm-Y,317645,2022-3-19
3qkXc6zheig,1479435,2022-3-19
64kI2BWRd2g,4866157,2022-3-19
EBj7JZiyR-s,1477077,2022-3-19
zWKBKKwyVrk,393422,2022-3-19
HiLnCY9qjSo,287856,2022-3-19
9PYi1080Q7k,7119065,2022-3-19
m-demdSHuYI,1057770,2022-3-19
LQ_eazT56FA,3090454,2022-3-19
-omKAd_sbFo,1117850,2022-3-19
DGun2cWbPEM,2800437,2022-3-19
K84w0Iai40k,857731,2022-3-19
uw9SUSvWBN0,426854,2022-3-19
pXD4BbYludc,3125161,2022-3-19
8HylJNyMuzU,3269047,2022-3-19
j2z06YUbulk,125534,2022-3-19
x1BGG98tcrg,686445,2022-3-19
mZ0sJQC8qkE,17450314,2022-3-19
A9HY4DsRTCg,7147869,2022-3-19
f4dJFe4MGcs,1568368,2022-3-19
syhlmTNW_a8,707906,2022-3-19
po66qVLYg2c,375674,2022-3-19
_KTwDH_KQ_g,2651258,2022-3-19
f5zAFvFKPEI,119368,2022-3-19
0YX80lIi36w,518278,2022-3-19
49hhGHTKHLs,760976,2022-3-19
o14s6S0k5qw,1002661,2022-3-19
JYtt0inzDR4,2365975,2022-3-19
VbLsb2t1qzI,547625,2022-3-19
NtRpDpfE69Y,1156297,2022-3-19
ESM-OniA96w,1768591,2022-3-19
dlqAF0aq7XU,91386,2022-3-19
N0vBDacTJ9k,729858,2022-3-19
LpkWFnRPd-M,5123449,2022-3-19
LfI8sxSFtuE,4024223,2022-3-19
NdHPnTd2Jd8,882568,2022-3-19
kKqcQADSoIM,970150,2022-3-19
r3jigPQEz70,392271,2022-3-19
_M-6lkoi6L4,10136082,2022-3-19
bUNMyoks3BQ,134538,2022-3-19
9RBY7u5qas8,3074693,2022-3-19
3Zr8H4B3MYM,185699,2022-3-19
6rPdZ7EW98I,375660,2022-3-19
OR1Epbc_NNE,2237276,2022-3-19
KpSLiHAYe7k,1801830,2022-3-19
KiUvL-rp1zg,1301376,2022-3-19
GegRa9yZUb4,356140,2022-3-19
q6pJ3mlYYEY,251273,2022-3-19
x-g0SeUJxsI,42912,2022-3-19
q4N7EhUWOAA,3152297,2022-3-19
h6pIQx8CKOM,71178,2022-3-19
rHbTBYxK0O0,75063,2022-3-19
UpoysjZfWrU,7112978,2022-3-19
j6P_m6adkgc,6661306,2022-3-19
_kT4a8IzM70,1436461,2022-3-19
Lhu7zb1hers,837957,2022-3-19
u_mKbmoK2dM,107087,2022-3-19
68iRzgy6c00,1388201,2022-3-19
3y8oIuEkqQs,1304843,2022-3-19
VNU2BDdgPZ8,534223,2022-3-19
G-QUjj0GGlo,81816,2022-3-19
5fifnky9v_I,2644062,2022-3-19
zpv1HPrSS5U,1738722,2022-3-19
eN--w_NA6hs,293294,2022-3-19
lFUXNby9svA,272806,2022-3-19
Ud73fm4Uoq0,4008329,2022-3-19
QA8KoMko9u8,130598,2022-3-19
S6kXAzNbG-4,93326,2022-3-19
0D-tcQjYf28,1258983,2022-3-19
2ys9IS5r9yA,5087949,2022-3-19
G4PT1phuM9M,418139,2022-3-19
-AuQZrUHjhg,11526301,2022-3-19
Wp90CrP-s_8,1696758,2022-3-19
lA6YSTkywto,369344,2022-3-19
Jr3Z9qtBk7k,4777237,2022-3-19
nks1I1sY53I,2476013,2022-3-19
avbKac24efo,655348,2022-3-19
S-VngJTUdmE,1961640,2022-3-19
gFVC0p4lknw,2210358,2022-3-19
jso4f52Pl6Y,3743819,2022-3-19
98Yx9TuE09A,439792,2022-3-19
USrIMGRBA78,1656688,2022-3-19
vFunN0xiZAQ,635713,2022-3-19
hV0dxmUf59U,100744,2022-3-19
PDj3XaZJeWY,125737,2022-3-19
TkcCqYk_V1s,765792,2022-3-19
d2Pz5Y-bwdU,54409,2022-3-19
Um7SFkR-fEg,1730159,2022-3-19
uTO0KnDsVH0,5098915,2022-3-19
4N_HwrzWCac,7007954,2022-3-19
glbYC6rBn3g,573282,2022-3-19
C5IIoZsci8Y,2852343,2022-3-19
mLwtfg57kbs,8822583,2022-3-19
Snn2gWq-3KY,1224639,2022-3-19
5HWCMh1ZmzE,1083746,2022-3-19
QM20uZAv6kc,340944,2022-3-19
VCJTJX1kXe4,2375422,2022-3-19
Md0TBfwo9rM,2663302,2022-3-19
Em1og_6ovoo,170568,2022-3-19
3RxlzJWWzdY,8127040,2022-3-19
z1W4c7ym49Y,15227966,2022-3-19
sJZoMJfIpmA,350086,2022-3-19
W5IVzLi-Rug,804021,2022-3-19
Ru7OFsuHa8s,683998,2022-3-19
dYvQcVG_dVg,818636,2022-3-19
yfEUPlRuPac,638859,2022-3-19
8nI1CDsNZI0,10640809,2022-3-19
9mj2QJE-UOI,903526,2022-3-19
oLOSu6ocgUU,2250467,2022-3-19
YVdA-QCcXYc,722132,2022-3-19
iYjjKmBok9o,324383,2022-3-19
6K-LSyE1Ywg,2782776,2022-3-19
eJjz3owWnbU,451475,2022-3-19
nNwc1af21N0,56468,2022-3-19
5yLeO2KtgCI,63316,2022-3-19
rbPa0Qp3zJQ,3579763,2022-3-19
fR2texlVKJo,2223500,2022-3-19
EjlMPu5sEgw,14407659,2022-3-19
uBaIR-yvjdk,631856,2022-3-19
WGgEFoI9MhE,13790527,2022-3-19
xfrS_3gRdrg,1470600,2022-3-19
DU0IeW9BCzY,5280060,2022-3-19
k7cpjmkc1Rw,3872274,2022-3-19
yXUPlFjikr0,325430,2022-3-19
khRDaLiyGdA,2238586,2022-3-19
f_djNpDqm3Q,2083791,2022-3-19
sxMUJSK5u4g,1065426,2022-3-19
Lx1PNCat-Q0,861321,2022-3-19
QP-caiSnm2Q,272839,2022-3-19
edp420amW1s,580250,2022-3-19
5L8eoqaZ6WU,1574418,2022-3-19
V_5mwG9M5Eo,921501,2022-3-19
K57XcDsUl6A,1640106,2022-3-19
nK4v-Xjx7mM,791203,2022-3-19
Lq9eqHDKJPE,3558155,2022-3-19
JqwKeddXPOg,3104670,2022-3-19
o_xMgw2j9v8,1193947,2022-3-19
0ziNItsX3iQ,636888,2022-3-19
rDyZ3VgjcCE,1208127,2022-3-19
w0sSTxFSAlQ,376560,2022-3-19
P4uBibShEK0,508368,2022-3-19
gP8iNSq6Kwc,792299,2022-3-19
nTuz_POqV9c,665077,2022-3-19
hiekN5DmNZE,883868,2022-3-19
mEs80XOSSHQ,3810883,2022-3-19
fCf4mFiR--w,801192,2022-3-19
Ebo53CjuQAA,305558,2022-3-19
-ivI-Vb920I,277523,2022-3-19
Hya6rBRCd6Y,240604,2022-3-19
53rJX52p3G8,589566,2022-3-19
dHnFHQSGK3Q,428336,2022-3-19
z9tsfkdgByA,4564258,2022-3-19
bS_qxC5_quM,499856,2022-3-19
9lpIj8vAJC0,154116,2022-3-19
f4B6ydELWQY,1073009,2022-3-19
p4vzp9MCg1w,3996167,2022-3-19
9S0-GoCSk38,3261968,2022-3-19
uzEEffCJOjs,879241,2022-3-19
0LGn4esfu2M,266729,2022-3-19
Z5VxUvL_uBo,4440307,2022-3-19
8ZdLXELdF9Q,2698909,2022-3-19
Dx-_i0RWwNc,284196,2022-3-19
euBur-z_lmk,220827,2022-3-19
ZRCzLtCsIQs,2489799,2022-3-19
u5r8B1fDB8g,1783441,2022-3-19
ydprczRfM48,150696,2022-3-19
r_3n1KNNigI,127713,2022-3-19
eGfyyU9qouA,2407093,2022-3-19
mDN9o6GQdm4,339528,2022-3-19
tuWw5EQPGlc,1386592,2022-3-19
_VIeV_LZXHM,6431516,2022-3-19
o5lZMlrsdXM,1421139,2022-3-19
cYfUaHljuKg,3548776,2022-3-19
lJGLjlVZvQo,1087179,2022-3-19
7wbd6ffvXm8,4405495,2022-3-19
063INZy-ZtM,732452,2022-3-19
K35AflEvvc8,491974,2022-3-19
npVP58NvdQ8,866424,2022-3-19
mO0s9WTI-eU,702149,2022-3-19
ZmM5OgXXVA4,282780,2022-3-19
tftbi551s8Q,891898,2022-3-19
pCle6CqymLY,477564,2022-3-19
TGJ9-1LWFtE,1765925,2022-3-19
gRqv6tQZ3po,473151,2022-3-19
lFQW5S_xH1o,2727649,2022-3-19
pMNnZIz6YYM,2431641,2022-3-19
Mm8Ej2xG_O8,320546,2022-3-19
mcQs0iQE0bs,2237247,2022-3-19
YPm9T622OX0,1482129,2022-3-19
cr9iLdXK9ik,598057,2022-3-19
oFEChsGiQ6A,326392,2022-3-19
HmiEOSUtIfA,483564,2022-3-19
08zYuyX3mRo,392647,2022-3-19
F0hEfm_Bnkg,157987,2022-3-19
BKfHokGY-R8,314250,2022-3-19
PluDFsVo3z0,4202138,2022-3-19
vbhgQ_C_jaM,469707,2022-3-19
alDkHjliogE,743976,2022-3-19
WCTiDGl8Di0,1227457,2022-3-19
8ZVrn4lHLqw,688263,2022-3-19
XN3oe_aAQ40,566796,2022-3-19
qNIhngowViI,18258769,2022-3-19
I16cQyBxsKw,353559,2022-3-19
j7pM4M9tO70,742868,2022-3-19
Lxr3BV-t0Tc,367021,2022-3-19
Lt7KxY8V4jM,328993,2022-3-19
7AdZnOhL1Ak,213179,2022-3-19
mRCfFS0SsCk,1592531,2022-3-19
22KzOHuTiAQ,15932,2022-3-19
VFpOBazE3rs,330175,2022-3-19
ACImtqaabpw,628153,2022-3-19
aWv2KjaFqBA,2250518,2022-3-19
uBS7xpLWSNM,1496573,2022-3-19
Tm28179erkY,639312,2022-3-19
k-q93ccVQqM,591428,2022-3-19
XfzkyqTPafo,1317948,2022-3-19
lUoBNjIWiAc,1500676,2022-3-19
mrc2uXkJles,327188,2022-3-19
5A_RqpENxvg,256179,2022-3-19
B_HAwShg1kY,166526,2022-3-19
tlVNXn1wFwo,121837,2022-3-19
LMYIam2RFkg,1544357,2022-3-19
wVfp1NPf928,887046,2022-3-19
aozNBX2dF6c,2404572,2022-3-19
d1SPCBrEYSA,648987,2022-3-19
ZGYT1x4bNUo,526225,2022-3-19
BXB26PzV31k,8465579,2022-3-19
4F9jLdTTuT0,320032,2022-3-19
6Wbto57VKWk,2928571,2022-3-19
s0p7jwJKkzs,266825,2022-3-19
8jsvz5Bdv7U,73158,2022-3-19
mhvHZpK-9Ss,1525755,2022-3-19
zK3Lev1A2NY,958583,2022-3-19
-t8Za0T1T8M,817268,2022-3-19
jlELf83gpBw,221956,2022-3-19
S68M2xaqGGE,18789,2022-3-19
T3VxM1ae9uM,264518,2022-3-19
23nEnPOXLEk,1283215,2022-3-19
rzV_EmHIvlo,914960,2022-3-19
4IG4BYARwZI,208697,2022-3-19
hPQFsU7ichI,101812,2022-3-19
BAx2GtYGJxs,411382,2022-3-19
beSTVUWjDPI,98707,2022-3-19
KRqA47qytz0,1084796,2022-3-19
-9wUbw5qevU,559414,2022-3-19
hRlcSh3VoA4,96845,2022-3-19
pOsqlM_6JcI,685020,2022-3-19
8iin3HQpwSY,288248,2022-3-19
jDoQYN7Axls,21263,2022-3-19
kdYAZZ5SOFk,248983,2022-3-19
8FGFwc3n0lY,427569,2022-3-19
cbKfZy5Jpgk,2369466,2022-3-19
OSw_0FmjmEE,776334,2022-3-19
8Jz0hUbu1mw,1543343,2022-3-19
09xVC-xun_c,500401,2022-3-19
2x86wabH-Qs,1412788,2022-3-19
VupT9JCJaOY,4409331,2022-3-19
TIgcVT4SfGw,2851545,2022-3-19
ECkxzFgbJqQ,2312406,2022-3-19
QO_RNBWxx94,295097,2022-3-19
hYUBjfxfzIk,148919,2022-3-19
6N6kY2_W37k,700081,2022-3-19
7P5oggg7aSE,680865,2022-3-19
EpuB_c03dZ0,101683,2022-3-19
kK8ajwVjBEI,648413,2022-3-19
OrecUhOUpbw,307274,2022-3-19
ULtGHb83pTI,424522,2022-3-19
TMJAy5_i1JA,595717,2022-3-19
0DzqJQggP9s,907806,2022-3-19
NuxUU0RO4nY,651821,2022-3-19
qy1v9m1FCCg,339920,2022-3-19
Jo0u34m6HuQ,160618,2022-3-19
yvfKJnuDK7s,138448,2022-3-19
wLmMSJXoQ8A,131608,2022-3-19
cDKmDiAwikE,134926,2022-3-19
cblBnU6UL5Y,107081,2022-3-19
uv6VUiqkDHI,102201,2022-3-19
hFlfVwam9sw,95658,2022-3-19
NUwMo_epcD8,87386,2022-3-19
zPFxKxo1ZgM,64353,2022-3-19
EULWO7E4w8s,63839,2022-3-19
ihREuw5PKs4,63243,2022-3-19
N1vLs-dZNWw,62987,2022-3-19
6ELw8xouuww,54018,2022-3-19
gJ7N2BQUsuY,53337,2022-3-19
6uN99OAINAY,1836447,2022-3-19
MfLWYoBdkUE,222618,2022-3-19
-lI8zx_2M8c,126916,2022-3-19
N029UUlH1Dc,10301054,2022-3-19
mqwRg9ZgANI,584369,2022-3-19
4bikbA1kR7g,188186,2022-3-19
dkCPkLmU7l4,2005857,2022-3-19
vp8HbGYXpNw,350792,2022-3-19
pmFbqPRFz_8,2715434,2022-3-19
LHSLuBt7aB8,2272740,2022-3-19
aWWhjisKKlA,2336839,2022-3-19
nCyKjz-ie3c,2133768,2022-3-19
7jk8e94Cr7U,766481,2022-3-19
yTb_AvLchgY,10840939,2022-3-19
fXeM0fXvOp8,1490445,2022-3-19
TlSzfEM5NcQ,97172,2022-3-19
NIv_yYKl9tQ,1882853,2022-3-19
NKQvH78Jv04,2322224,2022-3-19
dPX0_IEXVRo,2026986,2022-3-19
dzUfNQaaemk,175107,2022-3-19
7TCcgdMfPco,844767,2022-3-19
0StSX7bhWDs,22109,2022-3-19
YO1V9fn7zYo,508955,2022-3-19
7ZAeFUmGx4Y,71039,2022-3-19
UXQDUhSr8nU,1631185,2022-3-19
wtzsiwOTGGA,866818,2022-3-19
X8j49duZjwc,870112,2022-3-19
eBjPG7oxqFU,2462148,2022-3-19
j28SJWoSbOY,377885,2022-3-19
6bp8E4juzhY,24547,2022-3-19
kPyLnwSXqkA,980139,2022-3-19
2pYaIr-4pfA,925223,2022-3-19
RpiPeAKx3Rc,878954,2022-3-19
SNX6Gck9UIE,846388,2022-3-19
R5yfM_UlucY,2917595,2022-3-19
HxpsO2WeCNw,1539788,2022-3-19
Sv3HckLI7kg,243201,2022-3-19
0firv69LkgI,3138831,2022-3-19
9x__xN3TUh8,576112,2022-3-19
R3OxEcOpT0M,1500659,2022-3-19
QaEW5hhLxuk,124568,2022-3-19
Hl1-8j9OJyo,1279827,2022-3-19
_H0wcyOYqBE,117725,2022-3-19
uCfjf3rvTJY,1768581,2022-3-19
IT7mfF97m3w,354449,2022-3-19
y2vrlxmOp7U,341319,2022-3-19
8rNFX-kZvQQ,28972,2022-3-19
Wl9EcS5As2w,1057722,2022-3-19
zREufEpj0zM,650688,2022-3-19
PxiiB40eTWY,410074,2022-3-19
_qmAo83zOUg,280813,2022-3-19
vz4m-D30SAw,1102059,2022-3-19
fsPSaFbonGo,682093,2022-3-19
I9rvEDBfyaY,183975,2022-3-19
7jDkn2TzxJk,1447613,2022-3-19
uFJHdT_ie9U,5675811,2022-3-19
Zc05le75CfI,2033212,2022-3-19
pKJErsN-ylU,1249680,2022-3-19
N_eK0ujrhmY,474708,2022-3-19
-HZ9gAiIoAw,94934,2022-3-19
IGviVpVE1fA,327564,2022-3-19
Py21QCndbxc,1820768,2022-3-19
EkAlXnJPVPA,181441,2022-3-19
4Hg0Nchl3HU,1286378,2022-3-19
ibXRzMUUWPE,654702,2022-3-19
dmzY4R2QLfM,213949,2022-3-19
5EuqR0GavMk,155112,2022-3-19
2ON2ZZHarMw,625255,2022-3-19
MQ-QnXZR4mc,427251,2022-3-19
8vZOV32ICAs,406072,2022-3-19
6OHFULja-4s,87640,2022-3-19
9yBLZKFKXyg,3454425,2022-3-19
AAwJ0_uqhb4,704978,2022-3-19
QpWoW36wJII,388285,2022-3-19
1KUZHKI-BDk,2415646,2022-3-19
s-wDgxGCj4g,1198956,2022-3-19
X_Z8XP22mMo,172385,2022-3-19
aINNB2g6cIA,148336,2022-3-19
o6C7-azdU7I,113219,2022-3-19
pNdwmpntGMk,101647,2022-3-19
aetXqd9B8WE,9033156,2022-3-19
mFLu8TKDsrk,355550,2022-3-19
E6LWLQjgynE,1172679,2022-3-19
6W749jRBg-4,751315,2022-3-19
vjBZzYN3aAs,1210694,2022-3-19
Qls96eA-n6Y,1500880,2022-3-19
4ZRsOI1RCN4,402369,2022-3-19
e-mI0HJr3VA,191063,2022-3-19
aWGed8Cqy7g,132085,2022-3-19
OTEZi88c6dc,91949,2022-3-19
stmZAThUl64,1031536,2022-3-19
swX1O_a_vAk,839788,2022-3-19
2UP3DO56dh4,270509,2022-3-19
c1M_MllbaBs,406483,2022-3-19
b5djTDjlTNM,111980,2022-3-19
cWDRKNLFBmc,28770,2022-3-19
4IRmpJmoefA,15109,2022-3-19
_3wLBFyS5qU,389852,2022-3-19
fGnwsd9cM-4,397812,2022-3-19
U-9M-BjFYMc,782045,2022-3-19
4N3smY1pKgo,654780,2022-3-19
MxwV963ZNEU,178721,2022-3-19
IxOjRtMv3Cg,587048,2022-3-19
bhkfm1dX7BM,285773,2022-3-19
na6bysYNuS0,970714,2022-3-19
zDBDb3T728c,411036,2022-3-19
XnbxAaIJHfI,385772,2022-3-19
Lw3sBpkC3Rw,290979,2022-3-19
yOsls1Swb_o,621944,2022-3-19
SqrwHmo_sGg,405534,2022-3-19
TXD4qJHN4ac,424021,2022-3-19
o9r6lFYK9SE,510349,2022-3-19
tNBq_N2C64A,213114,2022-3-19
pgQ7t90WqQI,281538,2022-3-19
CEvh8XRjvY4,377127,2022-3-19
ij10Puyh8qc,131725,2022-3-19
03bbzlaPhvQ,103037,2022-3-19
sm4KMKurd8E,261894,2022-3-27
e_EqIA6ZWqs,605049,2022-3-27
24NBZW9P7_c,40224,2022-3-27
8SRe-pPLaG0,85990,2022-3-27
PerzMoTou-k,382118,2022-3-27
VeWlafLgrMs,95936,2022-3-27
48DgT4-JYZA,73575,2022-3-27
_8eUrkYNnLY,1591816,2022-3-27
_cUTVL2Nj6o,429479,2022-3-27
Tvx2UWi59pQ,65286,2022-3-27
v6u80eYSLvc,309643,2022-3-27
Klsca1OcwH8,348339,2022-3-27
SdgFVX0FsgE,287363,2022-3-27
VAvd842cCYM,654721,2022-3-27
O4Oz8Gn6oDY,122248,2022-3-27
Mb2oMO-SK7w,264469,2022-3-27
lxJ7SXMEPto,144274,2022-3-27
f8F8yNVDUEo,35751,2022-3-27
qokrSyGZTiM,70778,2022-3-27
7o_YL35T93w,1179867,2022-3-27
mKORVdoWU2E,410792,2022-3-27
RJwpJIe5FmY,1201099,2022-3-27
9pgap38Os_k,562053,2022-3-27
nZ-g1pPNfts,287250,2022-3-27
0yeg4XkzrMI,305290,2022-3-27
X1T9M4F8sKk,610127,2022-3-27
ZkvtKUQp3nM,647759,2022-3-27
JHiWqdrWOSQ,53621,2022-3-27
aQ6Hir0wlVg,146350,2022-3-27
UnM2_ddXNYk,109803,2022-3-27
Gni3co__EPI,170835,2022-3-27
_JoXN6LdcDY,104620,2022-3-27
ad-6W3bazMs,243618,2022-3-27
6rW_9ldrISM,129732,2022-3-27
jKJ5a7gVkH8,72894,2022-3-27
WLj0Rg_bcvQ,606044,2022-3-27
kMPx3AHvwtA,468745,2022-3-27
-aB6MQU8l1s,7645396,2022-3-27
R4PEMkDb418,153060,2022-3-27
uqQLrla5pDI,39296,2022-3-27
5Pmt9gVmvmM,73229,2022-3-27
JJsSEUk8vxc,139321,2022-3-27
JZTVchX8qJs,451836,2022-3-27
yU5_w__2FBo,131767,2022-3-27
Y8o4goeVM0o,1142824,2022-3-27
tum7dljV2ts,698166,2022-3-27
IN0KT2ABM10,114638,2022-3-27
z2pWWKSPofA,774806,2022-3-27
aREEGF5dXCE,17687,2022-3-27
SKy71bCcOyg,110942,2022-3-27
5QJfWQrdQEY,130754,2022-3-27
5X8WDBEc_PE,1696135,2022-3-27
3NgN2CvLgT4,51517,2022-3-27
4UEQFnENMUw,206419,2022-3-27
hwkAWFw8njM,63665,2022-3-27
Mmlj3WUBHbc,554269,2022-3-27
PiVmPN1FlVc,137699,2022-3-27
a8p0l7_h9Ys,75506,2022-3-27
jFqLvrO3PvM,60509,2022-3-27
NpXw5EJgc3Q,57640,2022-3-27
x9mxvQC52NM,55796,2022-3-27
ctkmeD0BfNs,48694,2022-3-27
ENcxaslU0ws,47478,2022-3-27
SBGrvHpWu3Q,41634,2022-3-27
Rbyv6bw5QU8,38475,2022-3-27
TU9LzGFUugg,37399,2022-3-27
rR8Gv4S6n9c,35367,2022-3-27
XdXIrYzs9vk,30315,2022-3-27
P0GRz9bjPoE,30109,2022-3-27
0h94NX0l99g,24102,2022-3-27
bHkf0lAsqjE,24046,2022-3-27
UXuMSLOUhgs,147629,2022-3-27
Wo0LOk4R5Oc,65783,2022-3-27
lGXgYHlR8ww,970468,2022-3-27
-VQx0MtsvSQ,756942,2022-3-27
dWOdLydhO-E,200113,2022-3-27
qge-EvTOzsk,289829,2022-3-27
mSVb61pOQKA,60389,2022-3-27
_txtx7llu50,86311,2022-3-27
VriDV2NqXpg,101856,2022-3-27
Z8TnOhIxN90,3948344,2022-3-27
56OgSRwV-xw,57311,2022-3-27
jW4q0w6CCIo,170405,2022-3-27
TT6gTs2B1Uw,4908227,2022-3-27
Yr0MRX2JP4U,136182,2022-3-27
2l_6oIGTrbg,10857926,2022-3-27
bMSPwitZiJs,129164,2022-3-27
f8XFa7eWLoA,96196,2022-3-27
NJSH0McCpwI,1098828,2022-3-27
MIlI_NeWuyo,144606,2022-3-27
K7FqZJS-ZwA,4406322,2022-3-27
ZezL7jHGKCA,80275,2022-3-27
HBV2WaULwEw,61119,2022-3-27
n9DqvVNBdVI,862354,2022-3-27
ZshLem1OV7k,156152,2022-3-27
bjLzXSM4yRY,98719,2022-3-27
xpUQ-5dSJTk,1128489,2022-3-27
z4Md4zHQWJ8,419774,2022-3-27
hTBJMFkchqk,796222,2022-3-27
RrsGNMMghKM,2628706,2022-3-27
O8v5S1nhKzo,15372416,2022-3-27
V8aGtJURz88,1387819,2022-3-27
0Dr_qvnXJPE,4076946,2022-3-27
d71E3pHzibw,811230,2022-3-27
O-SXhtYjprc,3197115,2022-3-27
C4IATezjOoI,443948,2022-3-27
y39DMzOqsRw,160841,2022-3-27
vW_lJwhw24c,128672,2022-3-27
MkSkQBIhGus,122771,2022-3-27
ENSxJQ1o2ZA,281947,2022-3-27
OGYu6Kj3bL0,2863433,2022-3-27
hRGU2UEh3Qo,1800148,2022-3-27
dXUJ0IDdX28,3689904,2022-3-27
yIvcKk4vZ7Y,859149,2022-3-27
G54GXyYwGz0,44302,2022-3-27
h7NE6BoTCIA,2415367,2022-3-27
re2rwAWZGjg,74858,2022-3-27
EAQASQOWCX8,71497,2022-3-27
OtpqIXEkMQA,4017927,2022-3-27
D_CJMc8flY8,98320,2022-3-27
M0-MFPxMrqE,86806,2022-3-27
dPTeBvVJ_xY,6100730,2022-3-27
BMBK0qEtPTw,151560,2022-3-27
vmPpfJWxisU,407417,2022-3-27
0fTmEfBvp50,2918798,2022-3-27
MNcnT8wBcdw,3983666,2022-3-27
ofdfaM11NIw,232640,2022-3-27
21AyxKg3-2M,176170,2022-3-27
oGMzDHvrsq0,81343,2022-3-27
j84IEsVYGyE,5910311,2022-3-27
G9SWOk2J6aw,1117935,2022-3-27
8fqjcg2uRYs,641052,2022-3-27
FZ_Ncg2Ho6M,124817,2022-3-27
_PpTrPbRg0U,446125,2022-3-27
kUxl0rkmD08,1921332,2022-3-27
rz_MrXeJ4bc,882473,2022-3-27
IZWuK1ljlS0,1969823,2022-3-27
V6RROopwuOg,4014916,2022-3-27
68KV7JnrvDo,6336949,2022-3-27
m1mbRCgWO90,1297163,2022-3-27
HJ6zQ3oQMCQ,114348,2022-3-27
FzwYKoKN_KE,6676107,2022-3-27
qrZtEACCwIU,3868511,2022-3-27
QLCcomFf8Yc,1033888,2022-3-27
7W2oVgMpmzs,80785,2022-3-27
pFgUluV_00s,10102152,2022-3-27
qcQ9k7A5TDM,365968,2022-3-27
9ct9lb2zgZ4,92656,2022-3-27
gRr4fDVpw2c,434646,2022-3-27
8zbO3ftH3ls,89178,2022-3-27
TiY6dP4djQA,93116,2022-3-27
b3jcNR2_PF4,1297879,2022-3-27
9nD7aQ_cKAM,1084851,2022-3-27
ltUNmsplViI,364363,2022-3-27
LlwxRcUFNV8,289247,2022-3-27
8c7ZHCnQKDQ,174015,2022-3-27
vC-MsZVgx80,282241,2022-3-27
0scxODT68X4,10721401,2022-3-27
G49bAinM6Lc,7347145,2022-3-27
tiTnyZ5QLao,140762,2022-3-27
bE2oZdUH_ps,663241,2022-3-27
i6woCvMq5Xg,1480366,2022-3-27
gUTehR_sCG0,121381,2022-3-27
9BTqE6r4-N8,79838,2022-3-27
YWUyB1PupIc,72515,2022-3-27
irPvyFjTZyA,62649,2022-3-27
uhdsIrVpCHg,53955,2022-3-27
dCkYVk-adow,51765,2022-3-27
OC-VqdP1Kow,241960,2022-3-27
KhrPiFZ4Sm8,720172,2022-3-27
JuM6WQhdl8A,362651,2022-3-27
P2yeYNI1H2M,99621,2022-3-27
X9zw0QF12Kc,2426366,2022-3-27
NO66dNMwmbU,2730212,2022-3-27
ix3WUx25xII,544300,2022-3-27
zcc_O2UtZBI,123534,2022-3-27
MiuFIzr8bR0,6181030,2022-3-27
G9VbKTpaff0,327720,2022-3-27
2D0B3wTjE20,2361847,2022-3-27
AAr2lHZLNyU,15875570,2022-3-27
9kQ2GtvDV3s,35223410,2022-3-27
kP08-jP1-7Y,5290901,2022-3-27
yT2h4nrfMME,95847,2022-3-27
tGXZNHNhI0I,6462590,2022-3-27
1KyLE_Ejf-U,1921654,2022-3-27
MRfcZ4teUeE,59166,2022-3-27
2I3oQIF6UaU,1267549,2022-3-27
7Rh61nlWVyo,51711,2022-3-27
TnQgSAaGhVc,107058,2022-3-27
TSZ9RlU6EXk,246277,2022-3-27
4-wpqxD7Az8,383972,2022-3-27
ETckHHfH7EI,106022,2022-3-27
Z-q5aJm0UJE,2187850,2022-3-27
jaf_SBcDhFU,658130,2022-3-27
aqRIPFT-EUw,56778,2022-3-27
B5MvnVOfaBc,95069,2022-3-27
uc7I72C1giU,317738,2022-3-27
-wNSFmqhQsU,16515458,2022-3-27
Wmd1lt4uO_I,351188,2022-3-27
fad_0eQIlVo,232925,2022-3-27
aOMWaZb0VRo,278394,2022-3-27
-BI2YFYWnjc,1058561,2022-3-27
W0_iSvXdM6c,167145,2022-3-27
NEOhVJrhPro,546900,2022-3-27
phGUYXm1e_I,219142,2022-3-27
R_gGlLTA3VM,3357879,2022-3-27
n8Z7mUOGEAE,866552,2022-3-27
wzygAKsIqk0,179057,2022-3-27
llv_1-WEQGg,723391,2022-3-27
t-Y-UnC2HQo,3922508,2022-3-27
MZm_Xy2zJq8,417644,2022-3-27
ZQ3gmQzpvBM,1487444,2022-3-27
HkMXq08WlJo,995688,2022-3-27
Ii7rtNaGlls,1159901,2022-3-27
uf9YfzyLG2Q,1061818,2022-3-27
N_1xVr7wp6Q,104865,2022-3-27
Ur0K2WA67jw,7454912,2022-3-27
c25iBKPN6w4,742049,2022-3-27
Ro-7kxRHCdg,93411,2022-3-27
saizawXi4i0,801258,2022-3-27
Q4-h-IdOqLs,129328,2022-3-27
a9EZ2KFTbYM,1540258,2022-3-27
3UV8OZj2olg,8726121,2022-3-27
4X-eZH87BTw,5399531,2022-3-27
e7VK3pne8N4,13907837,2022-3-27
5yDNEmcKQFY,2045677,2022-3-27
7h7NuUAd7yg,79756,2022-3-27
UXUn_ZqeM4Q,2288370,2022-3-27
gekKWg0yoOE,851994,2022-3-27
JSOXoNVTy0g,517619,2022-3-27
IixAr5W3TIc,1939475,2022-3-27
d0oDMXWMs8o,1221733,2022-3-27
axZ9LYMvrPo,2360805,2022-3-27
k12oVF-o528,354648,2022-3-27
4muYzftomAE,10636863,2022-3-27
WKmzvtEv9Wc,161527,2022-3-27
UBSx4qqeikY,8195615,2022-3-27
oWm6PV3CqCA,235674,2022-3-27
TyILqS4nF3M,804795,2022-3-27
ITPpK7GXoEc,343894,2022-3-27
daAc1qj5DDY,142543,2022-3-27
HbfVsscUMaU,442583,2022-3-27
5y3xh8gs24c,30139570,2022-3-27
vz7JIBvAFqM,3037220,2022-3-27
6ydgEipkUEU,13422346,2022-3-27
-wV0AH0u8ik,918020,2022-3-27
h-LOlueKCtk,10628466,2022-3-27
gAzvqsE81xA,396606,2022-3-27
ivaf58kTVxc,417795,2022-3-27
fY1CQ5kSRxY,2398606,2022-3-27
YcfZziSg0cg,631377,2022-3-27
BmHBJg7_4jE,424617,2022-3-27
oyeunIMPYKo,569825,2022-3-27
akFLlRmmIpw,196976,2022-3-27
0OtNQEpSeIA,5783951,2022-3-27
6262sH3SrIU,106203,2022-3-27
PNA-sTiC0Ds,1980841,2022-3-27
qgeuRSawFaw,835994,2022-3-27
LaOo9OxKxPc,85151,2022-3-27
Xn2hOjDOZ0g,184122,2022-3-27
JonQ09L2N0U,442117,2022-3-27
7U5-eDzWLBY,405310,2022-3-27
MSX8QbJR0eQ,140110,2022-3-27
lh5UqNxEbhs,242261,2022-3-27
vpViBoIVrk0,317670,2022-3-27
IpO7fxGw5V8,77958,2022-3-27
Pw6X2mocMRQ,450332,2022-3-27
A3173J48AbA,319762,2022-3-27
r4yV5Qujcag,310670,2022-3-27
IRl9SreAhG4,148964,2022-3-27
JC_FYkbUbAE,105246,2022-3-27
G5Y4lDRHDrc,95701,2022-3-27
Bqj5DsHNJpE,77734,2022-3-27
Mxysqo6Tbks,67054,2022-3-27
DoecM99tPxw,60034,2022-3-27
Bhl2ZJ58LFY,31363,2022-3-27
CZGFm-O5IOU,2563883,2022-3-27
YiQq1dHlKCo,64966,2022-3-27
vhmFj1owmuk,5516027,2022-3-27
t1yXDcuwzpY,1235646,2022-3-27
Rpl2x8c5ZoU,376393,2022-3-27
CrbMV64PmPU,269168,2022-3-27
ue7mFSgBAH0,206848,2022-3-27
VYu3PvRPZR8,4158744,2022-3-27
yk51RdzaMUE,1956668,2022-3-27
6qESBvBUqus,350021,2022-3-27
4t1QBusdAwk,85036,2022-3-27
2o_H09MdT94,3071036,2022-3-27
PYzTq7YEPBI,4999907,2022-3-27
GQKR0APNFKs,566184,2022-3-27
AW7HXLmSdQA,1470063,2022-3-27
OXAkx5_A9rE,6911821,2022-3-27
wHMZW_VkBjo,98399,2022-3-27
uRB1G0cKpIk,8311419,2022-3-27
AJCDeNxNmNo,489520,2022-3-27
NvOHijJqups,1344431,2022-3-27
GhToJ0u8FlI,450269,2022-3-27
eDfMDkgheQY,3440030,2022-3-27
6bnaBnd4kyU,5874235,2022-3-27
6Ks5SWfk-eI,89619,2022-3-27
3y5-Fl2ExIA,209655,2022-3-27
mB2hfFe3geg,446691,2022-3-27
onhGlvuvl0U,595803,2022-3-27
L7MvA9i7byQ,713471,2022-3-27
SoSuMVviNaU,2372879,2022-3-27
IGmnlol_7Xk,304011,2022-3-27
IT186xDTwUU,1229354,2022-3-27
oikyA7Mwm-Y,317822,2022-3-27
3qkXc6zheig,1486391,2022-3-27
64kI2BWRd2g,4898510,2022-3-27
EBj7JZiyR-s,1492112,2022-3-27
zWKBKKwyVrk,393624,2022-3-27
HiLnCY9qjSo,291079,2022-3-27
9PYi1080Q7k,7179642,2022-3-27
m-demdSHuYI,1066743,2022-3-27
LQ_eazT56FA,3130267,2022-3-27
-omKAd_sbFo,1128442,2022-3-27
DGun2cWbPEM,2828173,2022-3-27
K84w0Iai40k,860218,2022-3-27
uw9SUSvWBN0,436791,2022-3-27
pXD4BbYludc,3142048,2022-3-27
8HylJNyMuzU,3285883,2022-3-27
j2z06YUbulk,126647,2022-3-27
x1BGG98tcrg,688441,2022-3-27
mZ0sJQC8qkE,17539664,2022-3-27
A9HY4DsRTCg,7193217,2022-3-27
f4dJFe4MGcs,1575372,2022-3-27
syhlmTNW_a8,713603,2022-3-27
po66qVLYg2c,375807,2022-3-27
_KTwDH_KQ_g,2666049,2022-3-27
f5zAFvFKPEI,120201,2022-3-27
0YX80lIi36w,526295,2022-3-27
49hhGHTKHLs,762844,2022-3-27
o14s6S0k5qw,1008206,2022-3-27
JYtt0inzDR4,2387030,2022-3-27
VbLsb2t1qzI,549763,2022-3-27
NtRpDpfE69Y,1171748,2022-3-27
ESM-OniA96w,1780598,2022-3-27
dlqAF0aq7XU,92355,2022-3-27
N0vBDacTJ9k,730448,2022-3-27
LpkWFnRPd-M,5189714,2022-3-27
LfI8sxSFtuE,4049105,2022-3-27
NdHPnTd2Jd8,886121,2022-3-27
kKqcQADSoIM,974700,2022-3-27
r3jigPQEz70,394157,2022-3-27
_M-6lkoi6L4,10221263,2022-3-27
bUNMyoks3BQ,135685,2022-3-27
9RBY7u5qas8,3095625,2022-3-27
3Zr8H4B3MYM,188367,2022-3-27
6rPdZ7EW98I,379016,2022-3-27
OR1Epbc_NNE,2249092,2022-3-27
KpSLiHAYe7k,1811040,2022-3-27
KiUvL-rp1zg,1312123,2022-3-27
GegRa9yZUb4,357768,2022-3-27
q6pJ3mlYYEY,252044,2022-3-27
x-g0SeUJxsI,43363,2022-3-27
q4N7EhUWOAA,3205726,2022-3-27
h6pIQx8CKOM,71596,2022-3-27
rHbTBYxK0O0,75537,2022-3-27
UpoysjZfWrU,7189036,2022-3-27
j6P_m6adkgc,6745077,2022-3-27
_kT4a8IzM70,1447304,2022-3-27
Lhu7zb1hers,842301,2022-3-27
u_mKbmoK2dM,107690,2022-3-27
68iRzgy6c00,1396969,2022-3-27
3y8oIuEkqQs,1314600,2022-3-27
VNU2BDdgPZ8,539760,2022-3-27
G-QUjj0GGlo,82515,2022-3-27
5fifnky9v_I,2658520,2022-3-27
zpv1HPrSS5U,1753254,2022-3-27
eN--w_NA6hs,296538,2022-3-27
lFUXNby9svA,273015,2022-3-27
Ud73fm4Uoq0,4065050,2022-3-27
QA8KoMko9u8,130798,2022-3-27
S6kXAzNbG-4,94341,2022-3-27
0D-tcQjYf28,1268811,2022-3-27
2ys9IS5r9yA,5110712,2022-3-27
G4PT1phuM9M,422901,2022-3-27
-AuQZrUHjhg,11701199,2022-3-27
Wp90CrP-s_8,1722608,2022-3-27
lA6YSTkywto,372908,2022-3-27
Jr3Z9qtBk7k,4842539,2022-3-27
nks1I1sY53I,2501623,2022-3-27
avbKac24efo,658081,2022-3-27
S-VngJTUdmE,1978379,2022-3-27
gFVC0p4lknw,2239487,2022-3-27
jso4f52Pl6Y,3765669,2022-3-27
98Yx9TuE09A,443492,2022-3-27
USrIMGRBA78,1677170,2022-3-27
vFunN0xiZAQ,639155,2022-3-27
hV0dxmUf59U,101538,2022-3-27
PDj3XaZJeWY,126514,2022-3-27
TkcCqYk_V1s,776422,2022-3-27
d2Pz5Y-bwdU,54738,2022-3-27
Um7SFkR-fEg,1749604,2022-3-27
uTO0KnDsVH0,5145546,2022-3-27
4N_HwrzWCac,7051542,2022-3-27
glbYC6rBn3g,581190,2022-3-27
C5IIoZsci8Y,2882245,2022-3-27
mLwtfg57kbs,8945273,2022-3-27
Snn2gWq-3KY,1232097,2022-3-27
5HWCMh1ZmzE,1093747,2022-3-27
QM20uZAv6kc,344480,2022-3-27
VCJTJX1kXe4,2397288,2022-3-27
Md0TBfwo9rM,2686391,2022-3-27
Em1og_6ovoo,171945,2022-3-27
3RxlzJWWzdY,8185266,2022-3-27
z1W4c7ym49Y,15481574,2022-3-27
sJZoMJfIpmA,352349,2022-3-27
W5IVzLi-Rug,815063,2022-3-27
Ru7OFsuHa8s,690708,2022-3-27
dYvQcVG_dVg,825874,2022-3-27
yfEUPlRuPac,642921,2022-3-27
8nI1CDsNZI0,10765887,2022-3-27
9mj2QJE-UOI,923136,2022-3-27
oLOSu6ocgUU,2282049,2022-3-27
YVdA-QCcXYc,726101,2022-3-27
iYjjKmBok9o,324703,2022-3-27
6K-LSyE1Ywg,2817472,2022-3-27
eJjz3owWnbU,458505,2022-3-27
nNwc1af21N0,56632,2022-3-27
5yLeO2KtgCI,63537,2022-3-27
rbPa0Qp3zJQ,3624241,2022-3-27
fR2texlVKJo,2245961,2022-3-27
EjlMPu5sEgw,14623569,2022-3-27
uBaIR-yvjdk,634993,2022-3-27
WGgEFoI9MhE,13949279,2022-3-27
xfrS_3gRdrg,1489701,2022-3-27
DU0IeW9BCzY,5323995,2022-3-27
k7cpjmkc1Rw,3911821,2022-3-27
yXUPlFjikr0,327900,2022-3-27
khRDaLiyGdA,2257590,2022-3-27
f_djNpDqm3Q,2104440,2022-3-27
sxMUJSK5u4g,1082581,2022-3-27
Lx1PNCat-Q0,877769,2022-3-27
QP-caiSnm2Q,275122,2022-3-27
edp420amW1s,587661,2022-3-27
5L8eoqaZ6WU,1582065,2022-3-27
V_5mwG9M5Eo,931434,2022-3-27
K57XcDsUl6A,1658923,2022-3-27
nK4v-Xjx7mM,797022,2022-3-27
Lq9eqHDKJPE,3625173,2022-3-27
JqwKeddXPOg,3155286,2022-3-27
o_xMgw2j9v8,1212705,2022-3-27
0ziNItsX3iQ,641569,2022-3-27
rDyZ3VgjcCE,1216666,2022-3-27
w0sSTxFSAlQ,377705,2022-3-27
P4uBibShEK0,512429,2022-3-27
gP8iNSq6Kwc,802641,2022-3-27
nTuz_POqV9c,680158,2022-3-27
hiekN5DmNZE,909007,2022-3-27
mEs80XOSSHQ,3863901,2022-3-27
fCf4mFiR--w,809739,2022-3-27
Ebo53CjuQAA,308125,2022-3-27
-ivI-Vb920I,282716,2022-3-27
Hya6rBRCd6Y,246637,2022-3-27
53rJX52p3G8,602642,2022-3-27
dHnFHQSGK3Q,432825,2022-3-27
z9tsfkdgByA,4680503,2022-3-27
bS_qxC5_quM,505012,2022-3-27
9lpIj8vAJC0,156111,2022-3-27
f4B6ydELWQY,1086760,2022-3-27
p4vzp9MCg1w,4050971,2022-3-27
9S0-GoCSk38,3296126,2022-3-27
uzEEffCJOjs,908156,2022-3-27
0LGn4esfu2M,271007,2022-3-27
Z5VxUvL_uBo,4501751,2022-3-27
8ZdLXELdF9Q,2768438,2022-3-27
Dx-_i0RWwNc,287614,2022-3-27
euBur-z_lmk,227108,2022-3-27
ZRCzLtCsIQs,2533571,2022-3-27
u5r8B1fDB8g,1802422,2022-3-27
ydprczRfM48,151945,2022-3-27
r_3n1KNNigI,129016,2022-3-27
eGfyyU9qouA,2435562,2022-3-27
mDN9o6GQdm4,348864,2022-3-27
tuWw5EQPGlc,1423083,2022-3-27
_VIeV_LZXHM,6509988,2022-3-27
o5lZMlrsdXM,1435990,2022-3-27
cYfUaHljuKg,3648990,2022-3-27
lJGLjlVZvQo,1090280,2022-3-27
7wbd6ffvXm8,4463481,2022-3-27
063INZy-ZtM,742560,2022-3-27
K35AflEvvc8,498390,2022-3-27
npVP58NvdQ8,899541,2022-3-27
mO0s9WTI-eU,715322,2022-3-27
ZmM5OgXXVA4,288179,2022-3-27
tftbi551s8Q,905222,2022-3-27
pCle6CqymLY,483490,2022-3-27
TGJ9-1LWFtE,1792019,2022-3-27
gRqv6tQZ3po,481418,2022-3-27
lFQW5S_xH1o,2769416,2022-3-27
pMNnZIz6YYM,2540731,2022-3-27
Mm8Ej2xG_O8,323756,2022-3-27
mcQs0iQE0bs,2319366,2022-3-27
YPm9T622OX0,1522353,2022-3-27
cr9iLdXK9ik,604892,2022-3-27
oFEChsGiQ6A,329895,2022-3-27
HmiEOSUtIfA,491072,2022-3-27
08zYuyX3mRo,397826,2022-3-27
F0hEfm_Bnkg,160094,2022-3-27
BKfHokGY-R8,317536,2022-3-27
PluDFsVo3z0,4267304,2022-3-27
vbhgQ_C_jaM,478044,2022-3-27
alDkHjliogE,757400,2022-3-27
WCTiDGl8Di0,1246183,2022-3-27
8ZVrn4lHLqw,710273,2022-3-27
XN3oe_aAQ40,579889,2022-3-27
qNIhngowViI,18661605,2022-3-27
I16cQyBxsKw,358060,2022-3-27
j7pM4M9tO70,752369,2022-3-27
Lxr3BV-t0Tc,373464,2022-3-27
Lt7KxY8V4jM,337413,2022-3-27
7AdZnOhL1Ak,217925,2022-3-27
mRCfFS0SsCk,1605399,2022-3-27
22KzOHuTiAQ,16309,2022-3-27
VFpOBazE3rs,338648,2022-3-27
ACImtqaabpw,636690,2022-3-27
aWv2KjaFqBA,2285384,2022-3-27
uBS7xpLWSNM,1518030,2022-3-27
Tm28179erkY,648758,2022-3-27
k-q93ccVQqM,599220,2022-3-27
XfzkyqTPafo,1342779,2022-3-27
lUoBNjIWiAc,1544734,2022-3-27
mrc2uXkJles,328082,2022-3-27
5A_RqpENxvg,265371,2022-3-27
B_HAwShg1kY,169062,2022-3-27
tlVNXn1wFwo,123390,2022-3-27
LMYIam2RFkg,1594150,2022-3-27
wVfp1NPf928,908566,2022-3-27
aozNBX2dF6c,2442597,2022-3-27
d1SPCBrEYSA,661194,2022-3-27
ZGYT1x4bNUo,533131,2022-3-27
BXB26PzV31k,8677394,2022-3-27
4F9jLdTTuT0,324507,2022-3-27
6Wbto57VKWk,2990314,2022-3-27
s0p7jwJKkzs,271000,2022-3-27
8jsvz5Bdv7U,73717,2022-3-27
mhvHZpK-9Ss,1544796,2022-3-27
zK3Lev1A2NY,977676,2022-3-27
-t8Za0T1T8M,837690,2022-3-27
jlELf83gpBw,228037,2022-3-27
S68M2xaqGGE,19108,2022-3-27
T3VxM1ae9uM,268137,2022-3-27
23nEnPOXLEk,1304874,2022-3-27
rzV_EmHIvlo,939574,2022-3-27
4IG4BYARwZI,212201,2022-3-27
hPQFsU7ichI,103056,2022-3-27
BAx2GtYGJxs,424026,2022-3-27
beSTVUWjDPI,100946,2022-3-27
KRqA47qytz0,1105429,2022-3-27
-9wUbw5qevU,574412,2022-3-27
hRlcSh3VoA4,97262,2022-3-27
pOsqlM_6JcI,703360,2022-3-27
8iin3HQpwSY,296971,2022-3-27
jDoQYN7Axls,21640,2022-3-27
kdYAZZ5SOFk,256927,2022-3-27
8FGFwc3n0lY,441742,2022-3-27
cbKfZy5Jpgk,2448414,2022-3-27
OSw_0FmjmEE,791044,2022-3-27
8Jz0hUbu1mw,1595658,2022-3-27
09xVC-xun_c,510116,2022-3-27
2x86wabH-Qs,1445690,2022-3-27
VupT9JCJaOY,4485789,2022-3-27
TIgcVT4SfGw,2946468,2022-3-27
ECkxzFgbJqQ,2428572,2022-3-27
QO_RNBWxx94,315989,2022-3-27
hYUBjfxfzIk,151597,2022-3-27
6N6kY2_W37k,715479,2022-3-27
7P5oggg7aSE,726423,2022-3-27
EpuB_c03dZ0,104552,2022-3-27
kK8ajwVjBEI,663322,2022-3-27
OrecUhOUpbw,312896,2022-3-27
ULtGHb83pTI,446276,2022-3-27
TMJAy5_i1JA,608620,2022-3-27
0DzqJQggP9s,933654,2022-3-27
NuxUU0RO4nY,685504,2022-3-27
qy1v9m1FCCg,351482,2022-3-27
Jo0u34m6HuQ,168866,2022-3-27
yvfKJnuDK7s,144841,2022-3-27
wLmMSJXoQ8A,134320,2022-3-27
cDKmDiAwikE,141704,2022-3-27
cblBnU6UL5Y,111428,2022-3-27
uv6VUiqkDHI,106367,2022-3-27
hFlfVwam9sw,98933,2022-3-27
NUwMo_epcD8,90867,2022-3-27
zPFxKxo1ZgM,66624,2022-3-27
EULWO7E4w8s,65750,2022-3-27
ihREuw5PKs4,65591,2022-3-27
N1vLs-dZNWw,65120,2022-3-27
6ELw8xouuww,55949,2022-3-27
gJ7N2BQUsuY,56985,2022-3-27
6uN99OAINAY,1883530,2022-3-27
MfLWYoBdkUE,227093,2022-3-27
-lI8zx_2M8c,129821,2022-3-27
N029UUlH1Dc,10849228,2022-3-27
mqwRg9ZgANI,606448,2022-3-27
4bikbA1kR7g,193629,2022-3-27
dkCPkLmU7l4,2043637,2022-3-27
vp8HbGYXpNw,361318,2022-3-27
pmFbqPRFz_8,2772206,2022-3-27
LHSLuBt7aB8,2315638,2022-3-27
aWWhjisKKlA,2427721,2022-3-27
nCyKjz-ie3c,2166042,2022-3-27
7jk8e94Cr7U,775524,2022-3-27
yTb_AvLchgY,11257781,2022-3-27
fXeM0fXvOp8,1537710,2022-3-27
TlSzfEM5NcQ,100195,2022-3-27
NIv_yYKl9tQ,1928290,2022-3-27
NKQvH78Jv04,2413985,2022-3-27
dPX0_IEXVRo,2091539,2022-3-27
dzUfNQaaemk,179703,2022-3-27
7TCcgdMfPco,867002,2022-3-27
0StSX7bhWDs,22707,2022-3-27
YO1V9fn7zYo,528786,2022-3-27
7ZAeFUmGx4Y,88332,2022-3-27
UXQDUhSr8nU,1695385,2022-3-27
wtzsiwOTGGA,882262,2022-3-27
X8j49duZjwc,892661,2022-3-27
eBjPG7oxqFU,2508041,2022-3-27
j28SJWoSbOY,388043,2022-3-27
6bp8E4juzhY,25129,2022-3-27
kPyLnwSXqkA,989303,2022-3-27
2pYaIr-4pfA,970851,2022-3-27
RpiPeAKx3Rc,899075,2022-3-27
SNX6Gck9UIE,861407,2022-3-27
R5yfM_UlucY,3064286,2022-3-27
HxpsO2WeCNw,1573789,2022-3-27
Sv3HckLI7kg,247733,2022-3-27
0firv69LkgI,3295480,2022-3-27
9x__xN3TUh8,580909,2022-3-27
R3OxEcOpT0M,1531658,2022-3-27
QaEW5hhLxuk,133279,2022-3-27
Hl1-8j9OJyo,1350774,2022-3-27
_H0wcyOYqBE,117799,2022-3-27
uCfjf3rvTJY,1810473,2022-3-27
IT7mfF97m3w,358848,2022-3-27
y2vrlxmOp7U,349079,2022-3-27
8rNFX-kZvQQ,29039,2022-3-27
Wl9EcS5As2w,1086967,2022-3-27
zREufEpj0zM,659929,2022-3-27
PxiiB40eTWY,430943,2022-3-27
_qmAo83zOUg,286311,2022-3-27
vz4m-D30SAw,1161267,2022-3-27
fsPSaFbonGo,709010,2022-3-27
I9rvEDBfyaY,187512,2022-3-27
7jDkn2TzxJk,1496855,2022-3-27
uFJHdT_ie9U,5925106,2022-3-27
Zc05le75CfI,2129301,2022-3-27
pKJErsN-ylU,1280885,2022-3-27
N_eK0ujrhmY,488511,2022-3-27
-HZ9gAiIoAw,96642,2022-3-27
IGviVpVE1fA,497219,2022-3-27
Py21QCndbxc,1929201,2022-3-27
EkAlXnJPVPA,189576,2022-3-27
4Hg0Nchl3HU,1362807,2022-3-27
ibXRzMUUWPE,692520,2022-3-27
dmzY4R2QLfM,222203,2022-3-27
5EuqR0GavMk,162351,2022-3-27
2ON2ZZHarMw,646714,2022-3-27
MQ-QnXZR4mc,471819,2022-3-27
8vZOV32ICAs,425005,2022-3-27
6OHFULja-4s,91460,2022-3-27
9yBLZKFKXyg,3640285,2022-3-27
AAwJ0_uqhb4,757456,2022-3-27
QpWoW36wJII,407722,2022-3-27
1KUZHKI-BDk,2581908,2022-3-27
s-wDgxGCj4g,1255939,2022-3-27
X_Z8XP22mMo,181065,2022-3-27
aINNB2g6cIA,158826,2022-3-27
o6C7-azdU7I,118376,2022-3-27
pNdwmpntGMk,105567,2022-3-27
aetXqd9B8WE,9978960,2022-3-27
mFLu8TKDsrk,382866,2022-3-27
pgQ7t90WqQI,300913,2022-3-27
E6LWLQjgynE,1232380,2022-3-27
6W749jRBg-4,805287,2022-3-27
vjBZzYN3aAs,1292810,2022-3-27
Qls96eA-n6Y,1622146,2022-3-27
4ZRsOI1RCN4,433924,2022-3-27
e-mI0HJr3VA,208169,2022-3-27
aWGed8Cqy7g,141301,2022-3-27
OTEZi88c6dc,107603,2022-3-27
stmZAThUl64,1339149,2022-3-27
swX1O_a_vAk,948386,2022-3-27
2UP3DO56dh4,308836,2022-3-27
c1M_MllbaBs,452486,2022-3-27
b5djTDjlTNM,117126,2022-3-27
cWDRKNLFBmc,33395,2022-3-27
4IRmpJmoefA,16780,2022-3-27
_3wLBFyS5qU,423498,2022-3-27
fGnwsd9cM-4,429002,2022-3-27
U-9M-BjFYMc,858978,2022-3-27
4N3smY1pKgo,728796,2022-3-27
MxwV963ZNEU,212242,2022-3-27
IxOjRtMv3Cg,685208,2022-3-27
bhkfm1dX7BM,319523,2022-3-27
na6bysYNuS0,1203654,2022-3-27
zDBDb3T728c,480011,2022-3-27
XnbxAaIJHfI,429126,2022-3-27
Lw3sBpkC3Rw,294640,2022-3-27
yOsls1Swb_o,803954,2022-3-27
SqrwHmo_sGg,482123,2022-3-27
TXD4qJHN4ac,565124,2022-3-27
o9r6lFYK9SE,631903,2022-3-27
tNBq_N2C64A,279042,2022-3-27
CEvh8XRjvY4,642960,2022-3-27
ij10Puyh8qc,180957,2022-3-27
03bbzlaPhvQ,241706,2022-3-27
HSC3BheJuhU,872522,2022-3-27
AUP3OI9Yhmc,465058,2022-3-27
D8pdSRs_C4o,312781,2022-3-27
5t60NWXXkQI,138355,2022-3-27
0oMT_6Zu4a4,45670,2022-3-27
NmVGKfz0MEs,181687,2022-3-27
sm4KMKurd8E,264526,2022-4-3
e_EqIA6ZWqs,606792,2022-4-3
24NBZW9P7_c,40250,2022-4-3
8SRe-pPLaG0,86110,2022-4-3
PerzMoTou-k,385556,2022-4-3
VeWlafLgrMs,96549,2022-4-3
48DgT4-JYZA,73823,2022-4-3
_8eUrkYNnLY,1608809,2022-4-3
_cUTVL2Nj6o,430294,2022-4-3
Tvx2UWi59pQ,65530,2022-4-3
v6u80eYSLvc,310252,2022-4-3
Klsca1OcwH8,348921,2022-4-3
SdgFVX0FsgE,289327,2022-4-3
VAvd842cCYM,655496,2022-4-3
O4Oz8Gn6oDY,122796,2022-4-3
Mb2oMO-SK7w,265011,2022-4-3
lxJ7SXMEPto,145061,2022-4-3
f8F8yNVDUEo,36143,2022-4-3
qokrSyGZTiM,71028,2022-4-3
7o_YL35T93w,1181723,2022-4-3
mKORVdoWU2E,411556,2022-4-3
RJwpJIe5FmY,1203131,2022-4-3
9pgap38Os_k,566553,2022-4-3
nZ-g1pPNfts,288515,2022-4-3
0yeg4XkzrMI,305732,2022-4-3
X1T9M4F8sKk,614603,2022-4-3
ZkvtKUQp3nM,648788,2022-4-3
JHiWqdrWOSQ,53869,2022-4-3
aQ6Hir0wlVg,146769,2022-4-3
UnM2_ddXNYk,110929,2022-4-3
Gni3co__EPI,171221,2022-4-3
_JoXN6LdcDY,105205,2022-4-3
ad-6W3bazMs,244071,2022-4-3
6rW_9ldrISM,129942,2022-4-3
jKJ5a7gVkH8,73182,2022-4-3
WLj0Rg_bcvQ,613624,2022-4-3
kMPx3AHvwtA,470215,2022-4-3
-aB6MQU8l1s,7697722,2022-4-3
R4PEMkDb418,153804,2022-4-3
uqQLrla5pDI,39537,2022-4-3
5Pmt9gVmvmM,73580,2022-4-3
JJsSEUk8vxc,139880,2022-4-3
JZTVchX8qJs,453563,2022-4-3
yU5_w__2FBo,132887,2022-4-3
Y8o4goeVM0o,1148359,2022-4-3
tum7dljV2ts,700015,2022-4-3
IN0KT2ABM10,115245,2022-4-3
z2pWWKSPofA,776252,2022-4-3
aREEGF5dXCE,17749,2022-4-3
SKy71bCcOyg,111564,2022-4-3
5QJfWQrdQEY,133893,2022-4-3
5X8WDBEc_PE,1703256,2022-4-3
3NgN2CvLgT4,51768,2022-4-3
4UEQFnENMUw,207031,2022-4-3
hwkAWFw8njM,63956,2022-4-3
Mmlj3WUBHbc,555445,2022-4-3
PiVmPN1FlVc,139505,2022-4-3
a8p0l7_h9Ys,77027,2022-4-3
jFqLvrO3PvM,61612,2022-4-3
NpXw5EJgc3Q,58184,2022-4-3
x9mxvQC52NM,56717,2022-4-3
ctkmeD0BfNs,49773,2022-4-3
ENcxaslU0ws,48557,2022-4-3
SBGrvHpWu3Q,42350,2022-4-3
Rbyv6bw5QU8,39086,2022-4-3
TU9LzGFUugg,37915,2022-4-3
rR8Gv4S6n9c,35903,2022-4-3
XdXIrYzs9vk,30822,2022-4-3
P0GRz9bjPoE,30678,2022-4-3
0h94NX0l99g,24560,2022-4-3
bHkf0lAsqjE,24511,2022-4-3
UXuMSLOUhgs,148571,2022-4-3
Wo0LOk4R5Oc,66142,2022-4-3
lGXgYHlR8ww,974694,2022-4-3
-VQx0MtsvSQ,761496,2022-4-3
dWOdLydhO-E,200509,2022-4-3
qge-EvTOzsk,290612,2022-4-3
mSVb61pOQKA,60653,2022-4-3
_txtx7llu50,86626,2022-4-3
VriDV2NqXpg,102435,2022-4-3
Z8TnOhIxN90,3962578,2022-4-3
56OgSRwV-xw,57620,2022-4-3
jW4q0w6CCIo,171243,2022-4-3
TT6gTs2B1Uw,4930838,2022-4-3
Yr0MRX2JP4U,137000,2022-4-3
2l_6oIGTrbg,10924292,2022-4-3
bMSPwitZiJs,130461,2022-4-3
f8XFa7eWLoA,96693,2022-4-3
NJSH0McCpwI,1100694,2022-4-3
MIlI_NeWuyo,145585,2022-4-3
K7FqZJS-ZwA,4426000,2022-4-3
ZezL7jHGKCA,81151,2022-4-3
HBV2WaULwEw,61408,2022-4-3
n9DqvVNBdVI,866448,2022-4-3
ZshLem1OV7k,156715,2022-4-3
bjLzXSM4yRY,99371,2022-4-3
xpUQ-5dSJTk,1133296,2022-4-3
z4Md4zHQWJ8,421215,2022-4-3
hTBJMFkchqk,800637,2022-4-3
RrsGNMMghKM,2634670,2022-4-3
O8v5S1nhKzo,15451192,2022-4-3
V8aGtJURz88,1389650,2022-4-3
0Dr_qvnXJPE,4099392,2022-4-3
d71E3pHzibw,813406,2022-4-3
O-SXhtYjprc,3201910,2022-4-3
C4IATezjOoI,445241,2022-4-3
y39DMzOqsRw,161500,2022-4-3
vW_lJwhw24c,129344,2022-4-3
MkSkQBIhGus,123245,2022-4-3
ENSxJQ1o2ZA,282683,2022-4-3
OGYu6Kj3bL0,2872941,2022-4-3
hRGU2UEh3Qo,1814918,2022-4-3
dXUJ0IDdX28,3703762,2022-4-3
yIvcKk4vZ7Y,862224,2022-4-3
G54GXyYwGz0,44569,2022-4-3
h7NE6BoTCIA,2424808,2022-4-3
re2rwAWZGjg,75583,2022-4-3
EAQASQOWCX8,72115,2022-4-3
OtpqIXEkMQA,4029950,2022-4-3
D_CJMc8flY8,99047,2022-4-3
M0-MFPxMrqE,87385,2022-4-3
dPTeBvVJ_xY,6132506,2022-4-3
BMBK0qEtPTw,151839,2022-4-3
vmPpfJWxisU,408499,2022-4-3
0fTmEfBvp50,2934077,2022-4-3
MNcnT8wBcdw,4002970,2022-4-3
ofdfaM11NIw,233460,2022-4-3
21AyxKg3-2M,177485,2022-4-3
oGMzDHvrsq0,81835,2022-4-3
j84IEsVYGyE,5930850,2022-4-3
G9SWOk2J6aw,1137296,2022-4-3
8fqjcg2uRYs,642095,2022-4-3
FZ_Ncg2Ho6M,125466,2022-4-3
_PpTrPbRg0U,448540,2022-4-3
kUxl0rkmD08,1924478,2022-4-3
rz_MrXeJ4bc,884330,2022-4-3
IZWuK1ljlS0,1981172,2022-4-3
V6RROopwuOg,4033248,2022-4-3
68KV7JnrvDo,6380097,2022-4-3
m1mbRCgWO90,1299036,2022-4-3
HJ6zQ3oQMCQ,114835,2022-4-3
FzwYKoKN_KE,6703736,2022-4-3
qrZtEACCwIU,3889543,2022-4-3
QLCcomFf8Yc,1035500,2022-4-3
7W2oVgMpmzs,81169,2022-4-3
pFgUluV_00s,10190572,2022-4-3
qcQ9k7A5TDM,368671,2022-4-3
9ct9lb2zgZ4,93079,2022-4-3
gRr4fDVpw2c,436684,2022-4-3
8zbO3ftH3ls,89681,2022-4-3
TiY6dP4djQA,93916,2022-4-3
b3jcNR2_PF4,1300840,2022-4-3
9nD7aQ_cKAM,1087685,2022-4-3
ltUNmsplViI,365081,2022-4-3
LlwxRcUFNV8,289989,2022-4-3
8c7ZHCnQKDQ,174461,2022-4-3
vC-MsZVgx80,283748,2022-4-3
0scxODT68X4,10789580,2022-4-3
G49bAinM6Lc,7379559,2022-4-3
tiTnyZ5QLao,141564,2022-4-3
bE2oZdUH_ps,666804,2022-4-3
i6woCvMq5Xg,1487911,2022-4-3
gUTehR_sCG0,123473,2022-4-3
9BTqE6r4-N8,80802,2022-4-3
YWUyB1PupIc,73831,2022-4-3
irPvyFjTZyA,63516,2022-4-3
uhdsIrVpCHg,54584,2022-4-3
dCkYVk-adow,52522,2022-4-3
OC-VqdP1Kow,243527,2022-4-3
KhrPiFZ4Sm8,724942,2022-4-3
JuM6WQhdl8A,364476,2022-4-3
P2yeYNI1H2M,100167,2022-4-3
X9zw0QF12Kc,2446656,2022-4-3
NO66dNMwmbU,2745432,2022-4-3
ix3WUx25xII,546856,2022-4-3
zcc_O2UtZBI,124059,2022-4-3
MiuFIzr8bR0,6213471,2022-4-3
G9VbKTpaff0,328823,2022-4-3
2D0B3wTjE20,2373911,2022-4-3
AAr2lHZLNyU,15971340,2022-4-3
9kQ2GtvDV3s,35384576,2022-4-3
kP08-jP1-7Y,5327597,2022-4-3
yT2h4nrfMME,96286,2022-4-3
tGXZNHNhI0I,6483436,2022-4-3
1KyLE_Ejf-U,1927890,2022-4-3
MRfcZ4teUeE,59467,2022-4-3
2I3oQIF6UaU,1269625,2022-4-3
7Rh61nlWVyo,52001,2022-4-3
TnQgSAaGhVc,107663,2022-4-3
TSZ9RlU6EXk,247737,2022-4-3
4-wpqxD7Az8,384869,2022-4-3
ETckHHfH7EI,106696,2022-4-3
Z-q5aJm0UJE,2192743,2022-4-3
jaf_SBcDhFU,660316,2022-4-3
aqRIPFT-EUw,57221,2022-4-3
B5MvnVOfaBc,95724,2022-4-3
uc7I72C1giU,319078,2022-4-3
-wNSFmqhQsU,16598715,2022-4-3
Wmd1lt4uO_I,351843,2022-4-3
fad_0eQIlVo,234489,2022-4-3
aOMWaZb0VRo,281470,2022-4-3
-BI2YFYWnjc,1060789,2022-4-3
W0_iSvXdM6c,167906,2022-4-3
NEOhVJrhPro,547268,2022-4-3
phGUYXm1e_I,219901,2022-4-3
R_gGlLTA3VM,3371224,2022-4-3
n8Z7mUOGEAE,870356,2022-4-3
wzygAKsIqk0,180509,2022-4-3
llv_1-WEQGg,727227,2022-4-3
t-Y-UnC2HQo,3939244,2022-4-3
MZm_Xy2zJq8,418670,2022-4-3
ZQ3gmQzpvBM,1496478,2022-4-3
HkMXq08WlJo,1000528,2022-4-3
Ii7rtNaGlls,1167989,2022-4-3
uf9YfzyLG2Q,1066893,2022-4-3
N_1xVr7wp6Q,105411,2022-4-3
Ur0K2WA67jw,7488764,2022-4-3
c25iBKPN6w4,743802,2022-4-3
Ro-7kxRHCdg,94035,2022-4-3
saizawXi4i0,802459,2022-4-3
Q4-h-IdOqLs,129750,2022-4-3
a9EZ2KFTbYM,1545376,2022-4-3
3UV8OZj2olg,8816827,2022-4-3
4X-eZH87BTw,5413059,2022-4-3
e7VK3pne8N4,13995817,2022-4-3
5yDNEmcKQFY,2053367,2022-4-3
7h7NuUAd7yg,82469,2022-4-3
UXUn_ZqeM4Q,2301254,2022-4-3
gekKWg0yoOE,852627,2022-4-3
JSOXoNVTy0g,519658,2022-4-3
IixAr5W3TIc,1946132,2022-4-3
d0oDMXWMs8o,1223357,2022-4-3
axZ9LYMvrPo,2372870,2022-4-3
k12oVF-o528,356061,2022-4-3
4muYzftomAE,10731766,2022-4-3
WKmzvtEv9Wc,162193,2022-4-3
UBSx4qqeikY,0,2022-4-3
oWm6PV3CqCA,236494,2022-4-3
TyILqS4nF3M,809337,2022-4-3
ITPpK7GXoEc,346030,2022-4-3
daAc1qj5DDY,143350,2022-4-3
HbfVsscUMaU,444159,2022-4-3
5y3xh8gs24c,30332163,2022-4-3
vz7JIBvAFqM,3044289,2022-4-3
6ydgEipkUEU,13501756,2022-4-3
-wV0AH0u8ik,923468,2022-4-3
h-LOlueKCtk,10674170,2022-4-3
gAzvqsE81xA,397232,2022-4-3
ivaf58kTVxc,417895,2022-4-3
fY1CQ5kSRxY,2404845,2022-4-3
YcfZziSg0cg,632214,2022-4-3
BmHBJg7_4jE,425584,2022-4-3
oyeunIMPYKo,570114,2022-4-3
akFLlRmmIpw,199155,2022-4-3
0OtNQEpSeIA,5809779,2022-4-3
6262sH3SrIU,106839,2022-4-3
PNA-sTiC0Ds,1992482,2022-4-3
qgeuRSawFaw,837546,2022-4-3
LaOo9OxKxPc,85589,2022-4-3
Xn2hOjDOZ0g,184911,2022-4-3
JonQ09L2N0U,443555,2022-4-3
7U5-eDzWLBY,405377,2022-4-3
MSX8QbJR0eQ,141270,2022-4-3
lh5UqNxEbhs,243586,2022-4-3
vpViBoIVrk0,319938,2022-4-3
IpO7fxGw5V8,78254,2022-4-3
Pw6X2mocMRQ,451728,2022-4-3
A3173J48AbA,324621,2022-4-3
r4yV5Qujcag,310998,2022-4-3
IRl9SreAhG4,151536,2022-4-3
JC_FYkbUbAE,105997,2022-4-3
G5Y4lDRHDrc,97437,2022-4-3
Bqj5DsHNJpE,78752,2022-4-3
Mxysqo6Tbks,68162,2022-4-3
DoecM99tPxw,60873,2022-4-3
Bhl2ZJ58LFY,31854,2022-4-3
CZGFm-O5IOU,2581377,2022-4-3
YiQq1dHlKCo,65540,2022-4-3
vhmFj1owmuk,5543100,2022-4-3
t1yXDcuwzpY,1240718,2022-4-3
Rpl2x8c5ZoU,377368,2022-4-3
CrbMV64PmPU,270210,2022-4-3
ue7mFSgBAH0,207391,2022-4-3
VYu3PvRPZR8,4177269,2022-4-3
yk51RdzaMUE,1974802,2022-4-3
6qESBvBUqus,351815,2022-4-3
4t1QBusdAwk,85511,2022-4-3
2o_H09MdT94,3088163,2022-4-3
PYzTq7YEPBI,5024804,2022-4-3
GQKR0APNFKs,567984,2022-4-3
AW7HXLmSdQA,1479101,2022-4-3
OXAkx5_A9rE,6932340,2022-4-3
wHMZW_VkBjo,99085,2022-4-3
uRB1G0cKpIk,8353978,2022-4-3
AJCDeNxNmNo,489729,2022-4-3
NvOHijJqups,1346863,2022-4-3
GhToJ0u8FlI,450417,2022-4-3
eDfMDkgheQY,3460070,2022-4-3
6bnaBnd4kyU,6000880,2022-4-3
6Ks5SWfk-eI,90519,2022-4-3
3y5-Fl2ExIA,210771,2022-4-3
mB2hfFe3geg,447221,2022-4-3
onhGlvuvl0U,597810,2022-4-3
L7MvA9i7byQ,715467,2022-4-3
SoSuMVviNaU,2402751,2022-4-3
IGmnlol_7Xk,304375,2022-4-3
IT186xDTwUU,1234160,2022-4-3
oikyA7Mwm-Y,317939,2022-4-3
3qkXc6zheig,1492812,2022-4-3
64kI2BWRd2g,4924894,2022-4-3
EBj7JZiyR-s,1507133,2022-4-3
zWKBKKwyVrk,393784,2022-4-3
HiLnCY9qjSo,293812,2022-4-3
9PYi1080Q7k,7230245,2022-4-3
m-demdSHuYI,1074363,2022-4-3
LQ_eazT56FA,3159445,2022-4-3
-omKAd_sbFo,1137479,2022-4-3
DGun2cWbPEM,2845894,2022-4-3
K84w0Iai40k,862074,2022-4-3
uw9SUSvWBN0,441492,2022-4-3
pXD4BbYludc,3154673,2022-4-3
8HylJNyMuzU,3299322,2022-4-3
j2z06YUbulk,127572,2022-4-3
x1BGG98tcrg,689826,2022-4-3
mZ0sJQC8qkE,17618101,2022-4-3
A9HY4DsRTCg,7231158,2022-4-3
f4dJFe4MGcs,1580889,2022-4-3
syhlmTNW_a8,717550,2022-4-3
po66qVLYg2c,375928,2022-4-3
_KTwDH_KQ_g,2678248,2022-4-3
f5zAFvFKPEI,121044,2022-4-3
0YX80lIi36w,529459,2022-4-3
49hhGHTKHLs,764626,2022-4-3
o14s6S0k5qw,1012328,2022-4-3
JYtt0inzDR4,2402941,2022-4-3
VbLsb2t1qzI,551581,2022-4-3
NtRpDpfE69Y,0,2022-4-3
ESM-OniA96w,1790744,2022-4-3
dlqAF0aq7XU,92955,2022-4-3
N0vBDacTJ9k,730922,2022-4-3
LpkWFnRPd-M,5243768,2022-4-3
LfI8sxSFtuE,4067794,2022-4-3
NdHPnTd2Jd8,889054,2022-4-3
kKqcQADSoIM,978605,2022-4-3
r3jigPQEz70,395554,2022-4-3
_M-6lkoi6L4,10281787,2022-4-3
bUNMyoks3BQ,136519,2022-4-3
9RBY7u5qas8,3112889,2022-4-3
3Zr8H4B3MYM,189547,2022-4-3
6rPdZ7EW98I,381900,2022-4-3
OR1Epbc_NNE,2258690,2022-4-3
KpSLiHAYe7k,1818034,2022-4-3
KiUvL-rp1zg,1323168,2022-4-3
GegRa9yZUb4,359232,2022-4-3
q6pJ3mlYYEY,252717,2022-4-3
x-g0SeUJxsI,43786,2022-4-3
q4N7EhUWOAA,3240760,2022-4-3
h6pIQx8CKOM,71933,2022-4-3
rHbTBYxK0O0,75931,2022-4-3
UpoysjZfWrU,7248611,2022-4-3
j6P_m6adkgc,6818163,2022-4-3
_kT4a8IzM70,1456111,2022-4-3
Lhu7zb1hers,845887,2022-4-3
u_mKbmoK2dM,108189,2022-4-3
68iRzgy6c00,1404191,2022-4-3
3y8oIuEkqQs,1322324,2022-4-3
VNU2BDdgPZ8,543355,2022-4-3
G-QUjj0GGlo,83061,2022-4-3
5fifnky9v_I,2671436,2022-4-3
zpv1HPrSS5U,1767670,2022-4-3
eN--w_NA6hs,299219,2022-4-3
lFUXNby9svA,273177,2022-4-3
Ud73fm4Uoq0,4112235,2022-4-3
QA8KoMko9u8,130887,2022-4-3
S6kXAzNbG-4,95007,2022-4-3
0D-tcQjYf28,1276729,2022-4-3
2ys9IS5r9yA,5129596,2022-4-3
G4PT1phuM9M,427234,2022-4-3
-AuQZrUHjhg,11822561,2022-4-3
Wp90CrP-s_8,1745697,2022-4-3
lA6YSTkywto,375239,2022-4-3
Jr3Z9qtBk7k,4885054,2022-4-3
nks1I1sY53I,2520829,2022-4-3
avbKac24efo,660215,2022-4-3
S-VngJTUdmE,1991504,2022-4-3
gFVC0p4lknw,2266201,2022-4-3
jso4f52Pl6Y,3787598,2022-4-3
98Yx9TuE09A,446687,2022-4-3
USrIMGRBA78,1693414,2022-4-3
vFunN0xiZAQ,642332,2022-4-3
hV0dxmUf59U,102140,2022-4-3
PDj3XaZJeWY,127104,2022-4-3
TkcCqYk_V1s,784391,2022-4-3
d2Pz5Y-bwdU,54965,2022-4-3
Um7SFkR-fEg,1767640,2022-4-3
uTO0KnDsVH0,5183467,2022-4-3
4N_HwrzWCac,7094886,2022-4-3
glbYC6rBn3g,589209,2022-4-3
C5IIoZsci8Y,2907455,2022-4-3
mLwtfg57kbs,9052577,2022-4-3
Snn2gWq-3KY,1238859,2022-4-3
5HWCMh1ZmzE,1102092,2022-4-3
QM20uZAv6kc,347445,2022-4-3
VCJTJX1kXe4,2421245,2022-4-3
Md0TBfwo9rM,2704736,2022-4-3
Em1og_6ovoo,173185,2022-4-3
3RxlzJWWzdY,8228070,2022-4-3
z1W4c7ym49Y,15693254,2022-4-3
sJZoMJfIpmA,354205,2022-4-3
W5IVzLi-Rug,825425,2022-4-3
Ru7OFsuHa8s,698210,2022-4-3
dYvQcVG_dVg,830827,2022-4-3
yfEUPlRuPac,646080,2022-4-3
8nI1CDsNZI0,10874239,2022-4-3
9mj2QJE-UOI,934744,2022-4-3
oLOSu6ocgUU,2302864,2022-4-3
YVdA-QCcXYc,729308,2022-4-3
iYjjKmBok9o,324902,2022-4-3
6K-LSyE1Ywg,2844116,2022-4-3
eJjz3owWnbU,463683,2022-4-3
nNwc1af21N0,56806,2022-4-3
5yLeO2KtgCI,63707,2022-4-3
rbPa0Qp3zJQ,3665525,2022-4-3
fR2texlVKJo,2263466,2022-4-3
EjlMPu5sEgw,14809972,2022-4-3
uBaIR-yvjdk,637597,2022-4-3
WGgEFoI9MhE,14020260,2022-4-3
xfrS_3gRdrg,1503032,2022-4-3
DU0IeW9BCzY,5358119,2022-4-3
k7cpjmkc1Rw,3943956,2022-4-3
yXUPlFjikr0,330095,2022-4-3
khRDaLiyGdA,2272581,2022-4-3
f_djNpDqm3Q,2118981,2022-4-3
sxMUJSK5u4g,1097587,2022-4-3
Lx1PNCat-Q0,892218,2022-4-3
QP-caiSnm2Q,276750,2022-4-3
edp420amW1s,593861,2022-4-3
5L8eoqaZ6WU,1588685,2022-4-3
V_5mwG9M5Eo,940054,2022-4-3
K57XcDsUl6A,1674951,2022-4-3
nK4v-Xjx7mM,802259,2022-4-3
Lq9eqHDKJPE,3680658,2022-4-3
JqwKeddXPOg,3196023,2022-4-3
o_xMgw2j9v8,1225732,2022-4-3
0ziNItsX3iQ,646035,2022-4-3
rDyZ3VgjcCE,1223235,2022-4-3
w0sSTxFSAlQ,378536,2022-4-3
P4uBibShEK0,515805,2022-4-3
gP8iNSq6Kwc,811180,2022-4-3
nTuz_POqV9c,688954,2022-4-3
hiekN5DmNZE,926505,2022-4-3
mEs80XOSSHQ,0,2022-4-3
fCf4mFiR--w,816105,2022-4-3
Ebo53CjuQAA,310189,2022-4-3
-ivI-Vb920I,287295,2022-4-3
Hya6rBRCd6Y,250592,2022-4-3
53rJX52p3G8,614367,2022-4-3
dHnFHQSGK3Q,436260,2022-4-3
z9tsfkdgByA,4777405,2022-4-3
bS_qxC5_quM,509538,2022-4-3
9lpIj8vAJC0,157804,2022-4-3
f4B6ydELWQY,1100295,2022-4-3
p4vzp9MCg1w,4091727,2022-4-3
9S0-GoCSk38,3326187,2022-4-3
uzEEffCJOjs,928444,2022-4-3
0LGn4esfu2M,274313,2022-4-3
Z5VxUvL_uBo,4544947,2022-4-3
8ZdLXELdF9Q,2812599,2022-4-3
Dx-_i0RWwNc,289443,2022-4-3
euBur-z_lmk,229811,2022-4-3
ZRCzLtCsIQs,2566503,2022-4-3
u5r8B1fDB8g,1817850,2022-4-3
ydprczRfM48,152895,2022-4-3
r_3n1KNNigI,130022,2022-4-3
eGfyyU9qouA,2457289,2022-4-3
mDN9o6GQdm4,354932,2022-4-3
tuWw5EQPGlc,1454590,2022-4-3
_VIeV_LZXHM,6578600,2022-4-3
o5lZMlrsdXM,1447700,2022-4-3
cYfUaHljuKg,3734038,2022-4-3
lJGLjlVZvQo,1093052,2022-4-3
7wbd6ffvXm8,4513718,2022-4-3
063INZy-ZtM,750232,2022-4-3
K35AflEvvc8,503111,2022-4-3
npVP58NvdQ8,924921,2022-4-3
mO0s9WTI-eU,726224,2022-4-3
ZmM5OgXXVA4,292059,2022-4-3
tftbi551s8Q,914892,2022-4-3
pCle6CqymLY,487549,2022-4-3
TGJ9-1LWFtE,1816500,2022-4-3
gRqv6tQZ3po,487077,2022-4-3
lFQW5S_xH1o,2799182,2022-4-3
pMNnZIz6YYM,2639564,2022-4-3
Mm8Ej2xG_O8,326408,2022-4-3
mcQs0iQE0bs,2387356,2022-4-3
YPm9T622OX0,1551624,2022-4-3
cr9iLdXK9ik,611744,2022-4-3
oFEChsGiQ6A,332603,2022-4-3
HmiEOSUtIfA,496446,2022-4-3
08zYuyX3mRo,401547,2022-4-3
F0hEfm_Bnkg,161909,2022-4-3
BKfHokGY-R8,320117,2022-4-3
PluDFsVo3z0,4309669,2022-4-3
vbhgQ_C_jaM,483776,2022-4-3
alDkHjliogE,767195,2022-4-3
WCTiDGl8Di0,1260118,2022-4-3
8ZVrn4lHLqw,723942,2022-4-3
XN3oe_aAQ40,590480,2022-4-3
qNIhngowViI,19008579,2022-4-3
I16cQyBxsKw,361531,2022-4-3
j7pM4M9tO70,761233,2022-4-3
Lxr3BV-t0Tc,378624,2022-4-3
Lt7KxY8V4jM,344028,2022-4-3
7AdZnOhL1Ak,221333,2022-4-3
mRCfFS0SsCk,1616199,2022-4-3
22KzOHuTiAQ,16640,2022-4-3
VFpOBazE3rs,345682,2022-4-3
ACImtqaabpw,643776,2022-4-3
aWv2KjaFqBA,2317440,2022-4-3
uBS7xpLWSNM,1536373,2022-4-3
Tm28179erkY,655894,2022-4-3
k-q93ccVQqM,604908,2022-4-3
XfzkyqTPafo,1360614,2022-4-3
lUoBNjIWiAc,1579212,2022-4-3
mrc2uXkJles,328579,2022-4-3
5A_RqpENxvg,270707,2022-4-3
B_HAwShg1kY,171069,2022-4-3
tlVNXn1wFwo,125564,2022-4-3
LMYIam2RFkg,1632452,2022-4-3
wVfp1NPf928,927937,2022-4-3
aozNBX2dF6c,2475210,2022-4-3
d1SPCBrEYSA,671560,2022-4-3
ZGYT1x4bNUo,538730,2022-4-3
BXB26PzV31k,8845560,2022-4-3
4F9jLdTTuT0,327926,2022-4-3
6Wbto57VKWk,3039581,2022-4-3
s0p7jwJKkzs,273823,2022-4-3
8jsvz5Bdv7U,74184,2022-4-3
mhvHZpK-9Ss,1556668,2022-4-3
zK3Lev1A2NY,992364,2022-4-3
-t8Za0T1T8M,852805,2022-4-3
jlELf83gpBw,232567,2022-4-3
S68M2xaqGGE,19432,2022-4-3
T3VxM1ae9uM,270583,2022-4-3
23nEnPOXLEk,1321501,2022-4-3
rzV_EmHIvlo,957536,2022-4-3
4IG4BYARwZI,214801,2022-4-3
hPQFsU7ichI,104178,2022-4-3
BAx2GtYGJxs,433027,2022-4-3
beSTVUWjDPI,102508,2022-4-3
KRqA47qytz0,1119241,2022-4-3
-9wUbw5qevU,585524,2022-4-3
hRlcSh3VoA4,97615,2022-4-3
pOsqlM_6JcI,717138,2022-4-3
8iin3HQpwSY,304760,2022-4-3
jDoQYN7Axls,21957,2022-4-3
kdYAZZ5SOFk,263240,2022-4-3
8FGFwc3n0lY,451543,2022-4-3
cbKfZy5Jpgk,2509635,2022-4-3
OSw_0FmjmEE,801285,2022-4-3
8Jz0hUbu1mw,1626656,2022-4-3
09xVC-xun_c,517512,2022-4-3
2x86wabH-Qs,1469805,2022-4-3
VupT9JCJaOY,4541778,2022-4-3
TIgcVT4SfGw,3007431,2022-4-3
ECkxzFgbJqQ,2528963,2022-4-3
QO_RNBWxx94,325916,2022-4-3
hYUBjfxfzIk,153703,2022-4-3
6N6kY2_W37k,727557,2022-4-3
7P5oggg7aSE,762319,2022-4-3
EpuB_c03dZ0,106490,2022-4-3
kK8ajwVjBEI,673981,2022-4-3
OrecUhOUpbw,317564,2022-4-3
ULtGHb83pTI,462861,2022-4-3
TMJAy5_i1JA,618030,2022-4-3
0DzqJQggP9s,954759,2022-4-3
NuxUU0RO4nY,708689,2022-4-3
qy1v9m1FCCg,360345,2022-4-3
Jo0u34m6HuQ,176388,2022-4-3
yvfKJnuDK7s,149377,2022-4-3
wLmMSJXoQ8A,136531,2022-4-3
cDKmDiAwikE,146793,2022-4-3
cblBnU6UL5Y,114940,2022-4-3
uv6VUiqkDHI,109529,2022-4-3
hFlfVwam9sw,101685,2022-4-3
NUwMo_epcD8,93632,2022-4-3
zPFxKxo1ZgM,68447,2022-4-3
EULWO7E4w8s,67233,2022-4-3
ihREuw5PKs4,67487,2022-4-3
N1vLs-dZNWw,66796,2022-4-3
6ELw8xouuww,57672,2022-4-3
gJ7N2BQUsuY,59414,2022-4-3
6uN99OAINAY,1923034,2022-4-3
MfLWYoBdkUE,229804,2022-4-3
-lI8zx_2M8c,132200,2022-4-3
N029UUlH1Dc,11314597,2022-4-3
mqwRg9ZgANI,622935,2022-4-3
4bikbA1kR7g,196753,2022-4-3
dkCPkLmU7l4,2072179,2022-4-3
vp8HbGYXpNw,368906,2022-4-3
pmFbqPRFz_8,2821264,2022-4-3
LHSLuBt7aB8,2350041,2022-4-3
aWWhjisKKlA,2488155,2022-4-3
nCyKjz-ie3c,2187014,2022-4-3
7jk8e94Cr7U,782585,2022-4-3
yTb_AvLchgY,11567538,2022-4-3
fXeM0fXvOp8,1578920,2022-4-3
TlSzfEM5NcQ,102549,2022-4-3
NIv_yYKl9tQ,1959861,2022-4-3
NKQvH78Jv04,2476986,2022-4-3
dPX0_IEXVRo,2140879,2022-4-3
dzUfNQaaemk,183475,2022-4-3
7TCcgdMfPco,885796,2022-4-3
0StSX7bhWDs,23222,2022-4-3
YO1V9fn7zYo,543566,2022-4-3
7ZAeFUmGx4Y,95154,2022-4-3
UXQDUhSr8nU,1750421,2022-4-3
wtzsiwOTGGA,895018,2022-4-3
X8j49duZjwc,914946,2022-4-3
eBjPG7oxqFU,2545493,2022-4-3
j28SJWoSbOY,395355,2022-4-3
6bp8E4juzhY,25506,2022-4-3
kPyLnwSXqkA,996681,2022-4-3
2pYaIr-4pfA,1010171,2022-4-3
RpiPeAKx3Rc,916335,2022-4-3
SNX6Gck9UIE,873378,2022-4-3
R5yfM_UlucY,3171336,2022-4-3
HxpsO2WeCNw,1601616,2022-4-3
Sv3HckLI7kg,251672,2022-4-3
0firv69LkgI,3413010,2022-4-3
9x__xN3TUh8,585547,2022-4-3
R3OxEcOpT0M,1555008,2022-4-3
QaEW5hhLxuk,139425,2022-4-3
Hl1-8j9OJyo,1405618,2022-4-3
_H0wcyOYqBE,117853,2022-4-3
uCfjf3rvTJY,1841455,2022-4-3
IT7mfF97m3w,361881,2022-4-3
y2vrlxmOp7U,354730,2022-4-3
8rNFX-kZvQQ,29103,2022-4-3
Wl9EcS5As2w,1108137,2022-4-3
zREufEpj0zM,667223,2022-4-3
PxiiB40eTWY,449944,2022-4-3
_qmAo83zOUg,290717,2022-4-3
vz4m-D30SAw,1206134,2022-4-3
fsPSaFbonGo,727923,2022-4-3
I9rvEDBfyaY,189857,2022-4-3
7jDkn2TzxJk,1534381,2022-4-3
uFJHdT_ie9U,6125931,2022-4-3
Zc05le75CfI,2197488,2022-4-3
pKJErsN-ylU,1302191,2022-4-3
N_eK0ujrhmY,500553,2022-4-3
-HZ9gAiIoAw,97711,2022-4-3
IGviVpVE1fA,553858,2022-4-3
Py21QCndbxc,2009100,2022-4-3
EkAlXnJPVPA,195487,2022-4-3
4Hg0Nchl3HU,1421337,2022-4-3
ibXRzMUUWPE,0,2022-4-3
dmzY4R2QLfM,228734,2022-4-3
5EuqR0GavMk,167650,2022-4-3
2ON2ZZHarMw,663420,2022-4-3
MQ-QnXZR4mc,501969,2022-4-3
8vZOV32ICAs,443140,2022-4-3
6OHFULja-4s,94177,2022-4-3
9yBLZKFKXyg,3788643,2022-4-3
AAwJ0_uqhb4,793270,2022-4-3
QpWoW36wJII,423567,2022-4-3
1KUZHKI-BDk,2712166,2022-4-3
s-wDgxGCj4g,1302782,2022-4-3
X_Z8XP22mMo,187665,2022-4-3
aINNB2g6cIA,165795,2022-4-3
o6C7-azdU7I,122297,2022-4-3
pNdwmpntGMk,108770,2022-4-3
aetXqd9B8WE,10644699,2022-4-3
mFLu8TKDsrk,402164,2022-4-3
pgQ7t90WqQI,309077,2022-4-3
E6LWLQjgynE,1282668,2022-4-3
6W749jRBg-4,850006,2022-4-3
vjBZzYN3aAs,1359207,2022-4-3
Qls96eA-n6Y,1711940,2022-4-3
4ZRsOI1RCN4,455942,2022-4-3
e-mI0HJr3VA,220123,2022-4-3
aWGed8Cqy7g,148055,2022-4-3
OTEZi88c6dc,118156,2022-4-3
stmZAThUl64,1518498,2022-4-3
swX1O_a_vAk,1034724,2022-4-3
2UP3DO56dh4,337620,2022-4-3
c1M_MllbaBs,488212,2022-4-3
b5djTDjlTNM,120606,2022-4-3
cWDRKNLFBmc,36535,2022-4-3
4IRmpJmoefA,18020,2022-4-3
_3wLBFyS5qU,446659,2022-4-3
fGnwsd9cM-4,448875,2022-4-3
U-9M-BjFYMc,912487,2022-4-3
4N3smY1pKgo,779925,2022-4-3
MxwV963ZNEU,235163,2022-4-3
IxOjRtMv3Cg,868080,2022-4-3
bhkfm1dX7BM,341751,2022-4-3
na6bysYNuS0,1375120,2022-4-3
zDBDb3T728c,527018,2022-4-3
XnbxAaIJHfI,458929,2022-4-3
Lw3sBpkC3Rw,296831,2022-4-3
yOsls1Swb_o,927678,2022-4-3
SqrwHmo_sGg,527459,2022-4-3
TXD4qJHN4ac,676632,2022-4-3
o9r6lFYK9SE,706233,2022-4-3
tNBq_N2C64A,322781,2022-4-3
CEvh8XRjvY4,841401,2022-4-3
ij10Puyh8qc,210780,2022-4-3
03bbzlaPhvQ,337867,2022-4-3
HSC3BheJuhU,1069169,2022-4-3
AUP3OI9Yhmc,719832,2022-4-3
D8pdSRs_C4o,465320,2022-4-3
nCQ_zZIiGLA,1637027,2022-4-3
5t60NWXXkQI,334146,2022-4-3
0oMT_6Zu4a4,576722,2022-4-3
NmVGKfz0MEs,291644,2022-4-3
SF-_47-oCtk,472968,2022-4-3
wQ1_0oeXW6M,378903,2022-4-3
kVpUEVhrC0U,46079,2022-4-3
lcBPKULc8vE,188099,2022-4-3
Kwq2AG0Dm0k,222793,2022-4-3
Dr44J7r125Y,206087,2022-4-3
Cs2Ns8u5Agg,125915,2022-4-3
SccWdDlgQU0,124123,2022-4-3
NOrfhrL0D9k,91878,2022-4-3